ANO_ELEICAO;SG_UF;CD_MUNICIPIO;SG_PARTIDO;NM_CANDIDATO
1996;CE;13897;PMDB;JURACI VIEIRA DE MAGALHAES
2000;CE;13005;PSD;SERGIO HERRERO GIMENEZ
2000;CE;13013;PSD;FRANCISCO JOAQUIM SAMPAIO
2000;CE;13021;PSDB;ANTONIA LOBO PINHO LIMA
2000;CE;13030;PSD;MAGDA MARIA NASCIMENTO GOMES
2000;CE;13048;PSDB;FRANCISCO DAS CHAGAS TORRES JÚNIOR
2000;CE;13056;PSDB;SHEILA REGINA ALBUQUERQUE DINIZ
2000;CE;13064;PSDB;PEDRO NEUDO BRITO
2000;CE;13072;PSDB;PEDRO ROBERSON FEITOSA
2000;CE;13080;PSD;JOSÉ GALDINO ALBUQUERQUE
2000;CE;13099;PSDB;JOAQUIM XIMENES DE CARVALHO
2000;CE;13102;PSDB;ANTONIO LUIZ COUTINHO CARVALHO
2000;CE;13110;PSDB;JOAO IVAN ALCANTARA
2000;CE;13129;PSDB;VALDERLAN FECHINE JAMACARU
2000;CE;13137;PSDB;FRANCISCO FRANÇA NOGUEIRA
2000;CE;13145;PTB;FLÁVIO CHAGAS BOMFIM JUNIOR
2000;CE;13153;PSD;FRANCISCO ITEILDO ROQUE DE ARAUJO
2000;CE;13161;PSD;ARGENTINA SAMPAIO PADILHA
2000;CE;13170;PSD;FRANCISCO JOSÉ BARBOSA GOIS
2000;CE;13188;PSDB;FRANCISCO CÉSAR DE SOUSA
2000;CE;13196;PPS;RITELZA CABRAL DEMETRIO
2000;CE;13200;PTB;JOSE ROMILTON CAVALCANTE
2000;CE;13218;PSD;JOSÉ HAMILTON SARAIVA BARBOSA
2000;CE;13226;PSDB;EDSON SÁ
2000;CE;13234;PFL;FRANCISCO ARY RIBEIRO TEIXEIRA
2000;CE;13242;PSDB;ANTONIO CARLOS TORRES FRADIQUE ACCIOLY
2000;CE;13250;PSDB;JOSE HUMBERTO GERMANO CORREIA
2000;CE;13269;PSD;MARIA ONEIDE PAIVA DIÓGENES
2000;CE;13277;PV;JULIO CESAR LIMA BATISTA
2000;CE;13285;PSDB;REGINA LÚCIA VASCONCELOS ALBINO
2000;CE;13293;PSDB;ANTÔNIO NUNES DE SOUSA
2000;CE;13307;PSD;PEDRO CANDIDO DE OLIVEIRA
2000;CE;13315;PSDB;ANTONIO BENJAMIM DE OLIVEIRA FILHO
2000;CE;13323;PSDB;JOÃO DA SILVA MOTA FILHO
2000;CE;13331;PSB;FRANCISCO CARLOS MACÊDO TAVARES
2000;CE;13340;PSDB;FRANCISCO NILSON MOREIRA
2000;CE;13358;PSD;NILTON RICARTE DE ALENCAR
2000;CE;13366;PPS;TERTULIANO CANDIDO DE ARAUJO
2000;CE;13374;PSDB;EDMUNDO DE SÁ FILHO
2000;CE;13382;PL;ANTONIO SALES MAGALHAES
2000;CE;13390;PPS;JOSÉ JANILDO ALVES DO NASCIMENTO
2000;CE;13404;PSDB;JAIME VERAS SILVA FILHO
2000;CE;13412;PSDB;CLOVIS AMORA VASCONCELOS FILHO
2000;CE;13420;PMDB;TANIA PAIVA NIBON MOURAO
2000;CE;13439;PSDB;ORLANDO FACO
2000;CE;13447;PFL;FRANCISCO ANTONIO LIMA
2000;CE;13455;PSDB;MARIA VANUSIA DE OLIVEIRA SOUSA
2000;CE;13463;PSD;PUBLIO JORGE MATIAS DINELLY
2000;CE;13471;PSD;FERNANDO ANTONIO VIEIRA ASSEF
2000;CE;13480;PSDB;LOURIVAL ASSUNÇÃO TAVARES
2000;CE;13498;PSDB;FRANCISCO WIDER LUCENA LANDIM
2000;CE;13501;PSDB;MARIA DA CONCEIÇÃO CHIANCA DE SOUZA
2000;CE;13510;PPS;SÉRGIO DE ARAÚJO LIMA AGUIAR
2000;CE;13536;PFL;JOSÉ LOURENÇO ARRAIS
2000;CE;13552;PPB;ANTONIO GLAUBER GONÇALVES MONTEIRO
2000;CE;13579;PMDB;HENRIQUE ANTONIO FONSECA DA MOTA
2000;CE;13595;PSDB;FRANCISCO JÚNIOR LOPES TAVARES
2000;CE;13617;PSD;ANTÔNIO NARCÉLIO RODRIGUES PONTE
2000;CE;13633;PSDB;LUCIA VANDA DE MORAIS GUIMARAES
2000;CE;13650;PTB;MIGUEL LEAL NETO
2000;CE;13676;PPS;ANTÔNIO ADEMIR BARROSO MARTINS
2000;CE;13692;PSD;EDUARDO FLORENTINO RIBEIRO
2000;CE;13714;PSDB;LAMARTINE ARAUJO RODRIGUES
2000;CE;13730;PPB;DOMINGOS JOSÉ BRASILEIRO PONTES
2000;CE;13757;PPB;JOÃO VIANA DE ARAÚJO
2000;CE;13773;PTB;PAULO SERGIO DE ALMEIDA PACHECO
2000;CE;13811;PMDB;LUIZ CARNEIRO DE ALBUQUERQUE
2000;CE;13838;PSDB;PAULO NAZARENO SOARES ROSA
2000;CE;13854;PPB;FRANCISCO WALTER PEIXOTO
2000;CE;13870;PSDB;JOSÉ VANDEVELDER FREITAS FRANCELINO
2000;CE;13919;PPS;JOSÉ LEALCI DE AZEVEDO
2000;CE;13935;PPS;RAIMUNDO ACINÉSIO BEZERRA
2000;CE;13951;PSD;CARMEM SALLES OLIVEIRA ARRUDA
2000;CE;13978;PSD;JOSE SOARES DE MACEDO
2000;CE;13994;PSDB;JOAQUIM GUIMARÃES NETO
2000;CE;14010;PMDB;FRANCISCO DE ASSIS TEIXEIRA LOPES
2000;CE;14036;PMDB;DRÁULIO JOSÉ BARSI DE HOLANDA
2000;CE;14052;PFL;LUIZ ANTONIO  DE FARIAS
2000;CE;14060;PFL;MANOEL MOARES LOPES
2000;CE;14079;PSDB;MARIA DAS GRAÇAS GOMES LINHARES
2000;CE;14095;PSD;FRANCISCO LEITE GUIMARÃES NUNES
2000;CE;14117;PMDB;FRANCISCO EDILMO BARROS COSTA
2000;CE;14133;PSDB;FRANCISCO RODRIGUES TORRES
2000;CE;14150;PSD;LUIZ ALVES DE FREITAS
2000;CE;14176;PSDB;JOSÉ CARLOS SOBRINHO
2000;CE;14192;PSDB;FRANCISCO SOUTO VASCONCELOS
2000;CE;14214;PSDB;PEDRO ALMINO DE QUEIROZ E SOUZA
2000;CE;14230;PSDB;ANTONIO EVALDO GOMES BASTOS
2000;CE;14257;PMDB;JOSÉ RIBAMAR BARROS
2000;CE;14273;PTB;JOÃO BATISTA BRAGA
2000;CE;14290;PPS;VICENTE ANTENOR FERREIRA GOMES FILHO
2000;CE;14311;PMDB;RAIMUNDO LOPES JUNIOR
2000;CE;14338;PPS;ANTONIO ALMIR BIE DA SILVA
2000;CE;14354;PSDB;AFONSO CUNHA SALDANHA
2000;CE;14370;PTB;CRISTIANO PEIXOTO MAIA
2000;CE;14397;PPB;JOSÉ TÁVORA PINHEIRO
2000;CE;14419;PSD;JOSÉ AUGUSTO DE ALMEIDA
2000;CE;14435;PSDB;FERNANDO NEVES PEREIRA DA LUZ
2000;CE;14451;PSD;SEMIRAMIS SALVIANO LUCENA MACEDO
2000;CE;14478;PFL;CARLOS ALBERTO DA CRUZ
2000;CE;14494;PFL;JOSÉ HELANIO DE OLIVEIRA FACUNDO
2000;CE;14516;PSD;FRANCISCO ARISTIDES FERREIRA
2000;CE;14532;PSD;MARIA ARIVAN DE HOLANDA LUCENA
2000;CE;14559;PV;RAIMUNDO MARCELO CARVALHO DA SILVA
2000;CE;14575;PSDB;JORGE STÊNIO MACÊDO OSTERNO
2000;CE;14591;PFL;JOSÉ NILSON FARIAS SOUSA
2000;CE;14613;PSDB;JOSÉ NILSON SOARES FROTA
2000;CE;14630;PSDB;MÁRCIO MARTINS SAMPAIO DE MORAIS
2000;CE;14656;PSB;JOÃO COUTINHO AGUIAR NETO
2000;CE;14672;PMDB;HELLOSMAN SAMPAIO DE LACERDA
2000;CE;14680;PPS;ANTONIO EDNARDO BRAGA LIMA
2000;CE;14699;PSD;JOSÉ LEITE LANDIM
2000;CE;14710;PPB;RAIMUNDO BENONE DE ARAÚJO PEDROSA
2000;CE;14737;PSDB;JOSÉ ARAÚJO SOUTO
2000;CE;14753;PSD;FRANCISCO XAVIER ANDRADE GIRÃO
2000;CE;14770;PPS;JOSÉ JUVÊNCIO DE ABREU
2000;CE;14796;PSDB;AIRTON ROCHA BRUNO JUNIOR
2000;CE;14818;PSDB;WILEBALDO MELO AGUIAR
2000;CE;14834;PMDB;JACQUELINE GURGEL MOTA
2000;CE;14850;PSDB;FABIA BRITO ALENCAR ALVES
2000;CE;14877;PPS;LUIS ACÁCIO DE SOUSA
2000;CE;14893;PSDB;JESUINO RODRIGUES DE SAMPAIO NETO
2000;CE;14915;PSDB;ELISEU BATISTA FILHO
2000;CE;14931;PPB;JOSÉ WILSON ALVES CHAVES
2000;CE;14958;PSD;RAIMUNDO CELIO RODRIGUES
2000;CE;14974;PSDB;EDSON LEITE ARAÚJO
2000;CE;14990;PFL;FRANCISCO DAS CHAGAS ALVES
2000;CE;15016;PSDB;FRANCISCO LUCILANE DE MOURA
2000;CE;15032;PSD;RAIMUNDO JACKSON PEREIRA DE SOUZA
2000;CE;15059;PPB;JOSÉ RIBAMAR BARROSO BATISTA
2000;CE;15075;PPS;MANUEL GOMES NETO
2000;CE;15091;PSDB;LÚCIA DE FÁTIMA SOUSA BOYADJIAN
2000;CE;15113;PSDB;FRANCISCO ERNESTO LINS CAVALCANTE
2000;CE;15130;PSDB;RONALDO DIAS DE MEDEIROS
2000;CE;15156;PSDB;ANTÔNIO BRAGA DE AZEVEDO
2000;CE;15172;PSDB;JOSÉ IRINEU DE CARVALHO
2000;CE;15199;PSDB;FRANCISCO PINHEIRO DAS CHAGAS
2000;CE;15210;PSDB;ABDORAL EUFRASINO DE PINHO
2000;CE;15237;PSD;FABIO PINHEIRO CARDOSO
2000;CE;15253;PTB;FRANCISCO LUIZ RODRIGUES MENDES DE SOUZA
2000;CE;15270;PT;JOSÉ ILARIO GONÇALVES MARQUES
2000;CE;15296;PSDB;CIRILO ANTÔNIO PIMENTA LIMA
2000;CE;15318;PSDB;LUZIMAR BANDEIRA DE OLIVEIRA REBOUÇAS
2000;CE;15334;PSD;JOAO SILVA LIMA NETO
2000;CE;15350;PSDB;CARLOS ROBERTO AGUIAR
2000;CE;15377;PSD;RAIMUNDO WEBER DE ARAÚJO
2000;CE;15393;PSD;PERBOYRE SILVA DIOGENES
2000;CE;15415;PSB;JOSE ALDENIR FARIAS
2000;CE;15431;PSDB;JESUS WERTON GARCIA
2000;CE;15440;PPB;FRANCISCO PEREIRA FILHO
2000;CE;15458;PSDB;TOMÁS ANTONIO ALBUQUERQUE DE PAULA PESSOA
2000;CE;15474;PSDB;VICENTE GONÇALVES DE PAULA FILHO
2000;CE;15490;PSDB;RAIMUNDO NONATO DA SILVA NETO
2000;CE;15512;PSDB;JOSE JUNIOR DIOGENES COSTA
2000;CE;15539;PSDB;FERNANDO ABREU BARROSO
2000;CE;15555;PSD;ANTÔNIO CLIDENOR GENUÍNO DE MEDEIROS
2000;CE;15571;PSDB;SANCHO RODRIGUES OLIVEIRA
2000;CE;15598;PPS;CID FERREIRA GOMES
2000;CE;15610;PSDB;FRANCISCO ODORINO FILHO
2000;CE;15636;PPS;MAIARD DE ANDRADE
2000;CE;15652;PFL;FRANCISCO DE ASSIS TIMBÓ CAMELO
2000;CE;15679;PMDB;PATRÍCIA PEQUENO COSTA GOMES DE AGUIAR
2000;CE;15695;PSDB;LUIZ MENEZES DE LIMA
2000;CE;15717;PSDB;HENRIQUE MAURO DE AZEVEDO PORTO
2000;CE;15733;PFL;JOAQUIM LOBO DE MACEDO
2000;CE;15750;PSDB;ANTOCILDO BARBOSA RIBEIRO
2000;CE;15776;PSDB;MARIA DAS GRAÇAS CORDEIRO DE PAIVA
2000;CE;15792;PPS;JAN KELLY PESSOA AQUINO
2000;CE;15814;PPB;JOÃO EUFRASIO NOGUEIRA
2000;CE;15830;PSDB;EVALDO SOARES DE SOUSA
2000;CE;15857;PSDB;JÚLIO CÉSAR COSTA LIMA
2000;CE;15873;PSDB;FRANCISCO EDILSON TEIXEIRA
2000;CE;15881;PSDB;JOSÉ ANTÔNIO RODRIGUES DE ARAGÃO
2000;CE;15890;PSDB;MANOEL NELSON DA SILVEIRA
2000;CE;15911;PSDB;RAIMUNDO AZEVEDO PRADO
2000;CE;15920;PSD;EUGÊNIO RABELO
2000;CE;15938;PT;FRANCISCO JOSÉ TEIXEIRA
2000;CE;15954;PSD;JOSÉ STÊNIO RIOS
2000;CE;15970;PSDB;MANOEL GECIMAR PINHEIRO
2000;CE;15989;PSDB;FRANCISCA JOSUÉ DE SOUZA CARNEIRO
2000;CE;15997;PSD;JOSE GUTEMBERG MEIRELES DE SOUSA
2000;CE;98531;PSDB;JOSÉ ILO ALVES DANTAS
2000;CE;98558;PSD;ANTONIO DA MOTA BRITO
2000;CE;98574;PPS;GENTIL DE SOUSA MAGALHÃES
2000;CE;13897;PMDB;JURACI VIEIRA DE MAGALHÃES
2004;CE;13005;PSDB;SERGIO HERRERO GIMENEZ
2004;CE;13013;PSDB;JOSÉ MOREIRA SAMPAIO
2004;CE;13021;PDT;ANTONIO WILSON DE PINHO
2004;CE;13030;PMDB;MANOEL DUCA DA SILVEIRA NETO
2004;CE;13048;PSDB;MARCOS CAMELO MARQUES
2004;CE;13056;PPS;ANTONIO ALMEIDA NETO
2004;CE;13064;PPS;AUGUSTA BRITO DE PAULA
2004;CE;13072;PSDB;RAMILSON ARAUJO MORAES
2004;CE;13080;PSDB;JOSÉ GALDINO ALBUQUERQUE
2004;CE;13099;PRP;RAIMUNDO GOMES SOBRINHO
2004;CE;13102;PMDB;FRANCISCO VIEIRA COSTA
2004;CE;13110;PSDB;ANTONIO DORIVAL DE OLIVEIRA
2004;CE;13129;PSDB;VALDERLAN FECHINI JAMACARU
2004;CE;13137;PPS;ADELMO QUEIROZ DE AQUINO
2004;CE;13145;PHS;JOSE ACELIO PAULINO DE FREITAS
2004;CE;13153;PSDB;FRANCISCO ITEILDO ROQUE DE ARAUJO
2004;CE;13161;PSDB;ARGENTINA SAMPAIO PADILHA
2004;CE;13170;PRP;ROBERTO SAVIO GOMES DA SILVA
2004;CE;13188;PSDB;FRANCISCO CÉSAR DE SOUSA
2004;CE;13196;PPS;RITELZA CABRAL DEMÉTRIO
2004;CE;13200;PSDB;JOSE ROMILTON CAVALCANTE
2004;CE;13218;PP;EXPEDITO FERREIRA DA COSTA
2004;CE;13226;PSB;ACILON GONÇALVES PINTO JUNIOR
2004;CE;13234;PSDB;MARILENE CAMPELO NOGUEIRA
2004;CE;13242;PSDB;ANTONIO CARLOS TORRES FRADIQUE ACCIOLY
2004;CE;13250;PSDB;FRANCISCO HUMBERTO DE MENEZES BEZERRA
2004;CE;13269;PT;JAYMIRTON DIOGENES CAVALCANTE
2004;CE;13277;PV;JOSE WOLNER SANTOS
2004;CE;13285;PPS;JOSÉ GONZAGA BARBOSA
2004;CE;13293;PSDB;JOSE NEY LEAL PETROLA
2004;CE;13307;PV;LEONILDO PEIXOTO FARIAS
2004;CE;13315;PSDB;FRANCISCO EVANDERTO ALMEIDA
2004;CE;13323;PSDB;EDILARDO EUFRASIO DA CRUZ
2004;CE;13331;PSB;FRANCISCO CARLOS MACÊDO TAVARES
2004;CE;13340;PSDB;FRANCISCO EVANGELISTA NETO
2004;CE;13358;PTB;NILTON RICARTE DE ALENCAR
2004;CE;13366;PSDB;ANTONIA SIMIAO LOPES LEITE
2004;CE;13374;PTB;FRANCISCO ROMMEL FEIJÓ DE SÁ
2004;CE;13382;PSDB;ANTÔNIO SALES MAGALHÃES
2004;CE;13390;PFL;JOSE MARQUINÉLIO TAVARES
2004;CE;13404;PSDB;ALINE VERAS DOS SANTOS SILVA
2004;CE;13412;PMDB;FERNANDO LIMA LOPES
2004;CE;13420;PMDB;TÂNIA PAIVA NIBON MOURÃO
2004;CE;13439;PT;MARCOS DE QUEIROZ FERREIRA
2004;CE;13447;PFL;FRANCISCO ERNANE PERES LIMA
2004;CE;13455;PMDB;ELIÉSIO ROCHA ADRIANO
2004;CE;13463;PMDB;IRACY DUARTE DANTAS
2004;CE;13471;PL;JOSE VIEIRA FILHO
2004;CE;13480;PPS;ABDIAS PATRICIO OLIVEIRA
2004;CE;13498;PPS;ARÔNIO LUCENA SALVIANO
2004;CE;13501;PP;CAETANO GUEDES JUNIOR
2004;CE;13510;PP;FRANCISCO MACIEL OLIVEIRA
2004;CE;13536;PSDB;PAULO NEY MARTINS
2004;CE;13552;PP;ANTONIO GLAUBER GONÇALVES MONTEIRO
2004;CE;13579;PMDB;JOSE RENATO CAVALCANTE LIMA
2004;CE;13595;PSDB;ARCELINO TAVARES FILHO
2004;CE;13617;PSDB;LEANDRO PONTE DIAS
2004;CE;13633;PPS;JOSE EDMILSON LEITE BARBOSA
2004;CE;13650;PPS;PEDRO LEANDRO NETO
2004;CE;13676;PPS;ANTONIO ADEMIR BARROSO MARTINS
2004;CE;13692;PSDB;EDUARDO FLORENTINO RIBEIRO
2004;CE;13714;PSDB;JEFFERSON PAES DE ANDRADE RODRIGUES
2004;CE;13730;PMDB;INES MARIA CORREA DE ARRUDA
2004;CE;13757;PP;RODRIGO XAVIER DE ARAÚJO
2004;CE;13773;PTB;JOERCIO DE ALMEIDA ANGELO
2004;CE;13811;PSDB;FRANCISCO CRISTINO MOREIRA
2004;CE;13838;PMDB;JOSE ALMIR CLAUDINO SALES
2004;CE;13854;PSDB;SAMUEL VILAR DE ALENCAR ARARIPE
2004;CE;13870;PSDB;JOSE MARIA GOMES PEREIRA
2004;CE;13919;PDT;HELTON LUIS AGUIAR JUNIOR
2004;CE;13935;PPS;ELIENE LEITE ARAUJO BRASILEIRO
2004;CE;13951;PSDB;FRANCISCO GEOVANE DA ROCHA BRITO
2004;CE;13978;PSDB;VICENTE FELIX DE SOUZA
2004;CE;13994;PTB;ZOÉLIA MARIA LOIOLA PAIVA
2004;CE;14010;PSDB;EGBERTO MARTINS FARIAS
2004;CE;14036;PPS;FRANCISCO ILTON CAMBÉ BARROZO
2004;CE;14052;PSDB;ANTONIO AFRÂNIO MARTINS MESQUITA
2004;CE;14060;PTC;RAIMUNDO VIANA DE QUEIROZ
2004;CE;14079;PMDB;ORISMAR VANDERLEI DINIZ
2004;CE;14095;PSDB;FRANCISCO ANTONIO CARDOSO MOTA
2004;CE;14117;PSDB;AGENOR GOMES DE ARAUJO NETO
2004;CE;14133;PRP;JOSÉ VALDI COUTINHO
2004;CE;14150;PSDB;LUIZ ALVES DE FREITAS
2004;CE;14176;PRP;MARIA DO SOCORRO PEREIRA TORRES
2004;CE;14192;PPS;RAIMUNDO MELO SAMPAIO
2004;CE;14214;PSDB;OTACILIO BESERRA DE MENESES
2004;CE;14230;PHS;RAIMUNDO NONATO SOUZA SILVA
2004;CE;14257;PSDB;FRANK GOMES FREITAS
2004;CE;14273;PPS;KELSEY FORTE DA SILVA GOMES
2004;CE;14290;PSDB;JOÃO RIBEIRO BARROSO
2004;CE;14311;PSDB;FELISBERTO CLEMENTINO FERREIRA
2004;CE;14338;PPS;ANTONIO ALMIR BIÉ DA SILVA
2004;CE;14354;PSDB;ARIOSVALDO SALDANHA SARAIVA
2004;CE;14370;PPS;MARIA EMILIA DIOGENES GRANJA
2004;CE;14397;PPS;JOSÉ SÉRGIO PINHEIRO DIÓGENES
2004;CE;14419;PSDB;JOSÉ AUGUSTO DE ALMEIDA
2004;CE;14435;PSDB;TEODOMIRO SOARES SAMPAIO
2004;CE;14451;PP;ARLINDO ROCHA NETO
2004;CE;14478;PSDB;RAIMUNDO ANTONIO DE MACÊDO
2004;CE;14494;PFL;GABRIEL DE MESQUITA FACUNDO
2004;CE;14516;PMDB;EDENILDA LOPES DE OLIVEIRA SOUSA
2004;CE;14532;PPS;JOÃO DILMAR DA SILVA
2004;CE;14559;PV;FRANCISCO EDUARDO MOTA GURGEL
2004;CE;14575;PSDB;JORGE STENIO MACEDO OSTERNO
2004;CE;14591;PT;FRANCISCO FONTENELE VIANA
2004;CE;14613;PSDB;JOÃO PONTES MOTA
2004;CE;14630;PT;ISAAC GOMES DA SILVA JUNIOR
2004;CE;14656;PT;JOÃO COUTINHO AGUIAR NETO
2004;CE;14672;PMDB;MEIRE FRANCISCA LACERDA DE MEDEIROS
2004;CE;14680;PPS;ANTONIO EDNARDO BRAGA LIMA
2004;CE;14699;PSDB;FRANCISCO GIDALBERTO RODRIGUES PINHEIRO
2004;CE;14710;PSDB;JOSE WILAME BARRETO ALENCAR
2004;CE;14737;PPS;FRANCISCO JEOVÁ MADEIRO CAVALCANTE
2004;CE;14753;PPS;ADLER PRIMEIRO DAMASCENO GIRÃO
2004;CE;14770;PRP;JOSE JUVENCIO DE ABREU
2004;CE;14796;PSDB;AIRTON ROCHA BRUNO JUNIOR
2004;CE;14818;PSDB;WILEBALDO MELO AGUIAR
2004;CE;14834;PV;FRANCISCO WELETON MARTINS FREIRE
2004;CE;14850;PSDB;AFONSO DOMINGOS SAMPAIO
2004;CE;14877;PPS;LUIS ACÁCIO DE SOUSA
2004;CE;14893;PSDB;FRANCISCO VALDECY SOARES COELHO
2004;CE;14915;PP;MARIA DE FATIMA MACIEL BEZERRA
2004;CE;14931;PSDB;FRANCISCO JOSÉ CUNHA DE QUEIROZ
2004;CE;14958;PL;RAIMUNDO CELIO RODRIGUES
2004;CE;14974;PPS;FRANCISCO ROMULO CRUZ GOMES
2004;CE;14990;PFL;FRANCISCO DAS CHAGAS ALVES
2004;CE;15016;PSDB;FRANCISCO LUCILANE DE MOURA
2004;CE;15032;PDT;JOÃO ANTONIO DESIDERIO DE OLIVEIRA
2004;CE;15059;PP;JOSÉ RIBAMAR BARROSO BAPTISTA
2004;CE;15075;PMDB;GENECIAS MATEUS NORONHA
2004;CE;15091;PT;MARCOS AURÉLIO MARIZ SANTOS
2004;CE;15113;PRP;ANTONIO GOIS MONTEIRO MENDES
2004;CE;15130;PTB;NICOLAU VIEIRA ANGELO
2004;CE;15156;PPS;JOAO BOSCO PESSOA TABOSA
2004;CE;15172;PPS;RAIMUNDO ESTEVAM NETO
2004;CE;15199;PSDB;FRANCISCO PINHEIRO DAS CHAGAS
2004;CE;15210;PSDB;ADERSON JOSE PINHO MAGALHAES
2004;CE;15237;PSDB;FÁBIO PINHEIRO CARDOSO
2004;CE;15253;PSDB;FRANCISCO LUIZ RODRIGUES MENDES DE SOUZA
2004;CE;15270;PT;JOSE ILARIO GONÇALVES MARQUES
2004;CE;15296;PSDB;EDMILSON CORREIA DE VASCONCELOS JUNIOR
2004;CE;15318;PPS;RAIMUNDO NONATO GUIMARAES MAIA
2004;CE;15334;PPS;FRANCISCA TORRES BEZERRA
2004;CE;15350;PPS;OSVALDO HONORIO LEMOS JUNIOR
2004;CE;15377;PSDC;RAIMUNDO CORDEIRO DE FREITAS
2004;CE;15393;PTB;PERBOYRE SILVA DIOGENES
2004;CE;15415;PC DO B;ANTÔNIO DE PÁDUA ARCANJO
2004;CE;15431;PSDB;PEDRO LINARD ROCHA
2004;CE;15440;PT;AGENOR MANOEL RIBEIRO
2004;CE;15458;PSDB;TOMAS ANTONIO ALBUQUERQUE DE PAULA PESSOA
2004;CE;15474;PPS;HAROLDO CELSO CRUZ MACIEL
2004;CE;15490;PSDB;WALTER RAMOS DE ARAUJO JUNIOR
2004;CE;15512;PPS;FRANCISCO ACACIO CHAVES
2004;CE;15539;PL;MARINEZ RODRIGUES DE OLIVEIRA
2004;CE;15555;PT;ANTONIO TEIXEIRA DE OLIVEIRA
2004;CE;15571;PL;JOSÉ RUI NOGUEIRA AGUIAR
2004;CE;15598;PPS;JOSÉ LEÔNIDAS DE MENEZES CRISTINO
2004;CE;15610;PFL;JOSÉ ATUALPA PINHEIRO JÚNIOR
2004;CE;15636;PMDB;RAIMUNDO DINARDO DA SILVA MAIA
2004;CE;15652;PPS;JOSE JEOVA SOUTO MOTA
2004;CE;15679;PMDB;PATRICIA PEQUENO COSTA GOMES DE AGUIAR
2004;CE;15695;PSDB;LUIZ MENEZES DE LIMA
2004;CE;15717;PPS;JOSIMAR MOURA AGUIAR
2004;CE;15733;PPS;ARI DE OLIVEIRA VASCONCELOS
2004;CE;15750;PT;FRANCISCO ALEXANDRE BARROS FILHO
2004;CE;15776;PPS;JOSÉ GIUVAN PIRES NUNES
2004;CE;15792;PPS;JAN KELLY PESSOA AQUINO
2004;CE;15814;PMDB;JOSE HELDER MAXIMO DE CARVALHO
2004;CE;15830;PSDB;JOSE FIRMINO DE ARRUDA
2004;CE;15857;PL;ROBERTO SOARES PESSOA
2004;CE;15873;PT;EDIVALDO ASSIS DE JESUS
2004;CE;15881;PSDB;AURINEIDE BEZERRA DE SOUSA PONTES
2004;CE;15890;PSDB;JOAO MUNIZ SOBRINHO
2004;CE;15911;PRP;EDMUNDO RODRIGUES JUNIOR
2004;CE;15920;PPS;FRANCISCO ANILTON PINHEIRO MAIA
2004;CE;15938;PSDB;JOSÉ EDILSON DA SILVA
2004;CE;15954;PMDB;MARCOS ROBERIO RIBEIRO MONTEIRO
2004;CE;15970;PMDB;JOSE CLAUDIO DIAS DE  OLIVEIRA
2004;CE;15989;PSDB;LUIZ CLAUDENILTON PINHEIRO
2004;CE;15997;PP;JOANA D ARC BATISTA CARVALHO
2004;CE;98531;PSDB;JENINE DO AMARAL ALVES MACEDO
2004;CE;98558;PSDB;ANTONIO DA MOTA BRITO
2004;CE;98574;PPS;GENTIL DE SOUZA MAGALHAES
2004;CE;13897;PT;LUIZIANNE DE OLIVEIRA LINS
2008;CE;13005;PMDB;ARAÚJO MARQUES FERREIRA
2008;CE;13013;PSDB;FRANCISCO JOAQUIM SAMPAIO
2008;CE;13021;PMDB;ANTONIO WILSON DE PINHO
2008;CE;13030;PT;PEDRO FONTELES DOS SANTOS
2008;CE;13048;PSB;MARCOS CAMELO MARQUES
2008;CE;13056;PTB;ANTONIO ALMEIDA NETO
2008;CE;13064;PC DO B;AUGUSTA BRITO DE PAULA
2008;CE;13072;PSDB;RAMILSON ARAÚJO MORAES
2008;CE;13080;PSDB;RAIMUNDO NONATO BARROSO BONFIM
2008;CE;13099;PSB;FRANCISCO ELIESIO FONTELES
2008;CE;13102;PMDB;FRANCISCO VIEIRA COSTA
2008;CE;13110;PSB;JOAQUIM SOARES NETO
2008;CE;13129;PMDB;ANTONIO PEIXOTO SALDANHA
2008;CE;13137;PRB;ADELMO QUEIROZ DE AQUINO
2008;CE;13145;PMDB;JOSÉ ACÉLIO PAULINO DE FREITAS
2008;CE;13153;PSB;EDISON AFONSO DE CARVALHO
2008;CE;13161;PSB;FRANCISCO AIRTON LIMA FILHO
2008;CE;13170;PRP;ROBERTO SAVIO GOMES DA SILVA
2008;CE;13188;PSDB;MANOEL GOMES DE FARIAS NETO
2008;CE;13196;PMDB;EDSON SÁ
2008;CE;13200;PSDB;MANOEL MARTINS ALVES
2008;CE;13218;PP;EXPEDITO FERREIRA DA COSTA
2008;CE;13226;PSB;ACILON GONÇALVES PINTO JUNIOR
2008;CE;13234;PSDB;MARILENE CAMPÊLO NOGUEIRA
2008;CE;13242;PSDB;MARCELO DE CASTRO FRADIQUE ACCIOLY
2008;CE;13250;PSDB;JOSÉ HUMBERTO GERMANO CORREIA
2008;CE;13269;PRB;FRANCISCO ADELMO NOGUEIRA QUEIROZ DE AQUINO
2008;CE;13277;PR;JULIO CESAR LIMA BATISTA
2008;CE;13285;PSDB;REGINA LUCIA VASCONCELOS ALBINO
2008;CE;13293;PMDB;ANTONIO MONTEIRO PEDROSA FILHO
2008;CE;13307;PV;LEONILDO PEIXOTO FARIAS
2008;CE;13315;PSDB;FRANCISCO EVANDERTO ALMEIDA
2008;CE;13323;PSDB;EDILARDO EUFRASIO DA CRUZ
2008;CE;13331;PSDB;JOSE ADAILTON MACEDO
2008;CE;13340;PMDB;FRANCISCO NILSON MOREIRA
2008;CE;13358;PMDB;GLÓRIA ISABEL PIRES FERREIRA
2008;CE;13366;PSDB;ANTONIA SIMIÃO LOPES LEITE
2008;CE;13374;PT;JOSÉ LEITE GONÇALVES CRUZ
2008;CE;13382;PSDB;VERIDIANO PEREIRA DE SALES
2008;CE;13390;DEM;JOSÉ MARQUINÉLIO TAVARES
2008;CE;13404;PTB;ADEMAR PINTO VERAS
2008;CE;13412;PSDB;SILVANA FURTADO DE FIGUEIREDO VASCONCELOS
2008;CE;13420;PSB;JOSE ADRIANO PAIVA DE AGUIAR
2008;CE;13439;PSDB;ODIVAR FACO
2008;CE;13447;PR;FRANCISCO ERNANE PERES LIMA
2008;CE;13455;PSDB;PEDRO ROGERIO MORAIS
2008;CE;13463;PSDB;JOSE ANTONIO RODRIGUES MENDES
2008;CE;13471;PSDB;FERNANDO ANTONIO VIEIRA ASSEF
2008;CE;13480;PSB;ABDIAS PATRICIO OLIVEIRA
2008;CE;13498;PSB;GUILHERME SAMPAIO LANDIM
2008;CE;13501;PTB;ADRIANA PINHEIRO BARBOSA
2008;CE;13510;PP;FRANCISCO MACIEL OLIVEIRA
2008;CE;13536;PSDB;PAULO NEY MARTINS
2008;CE;13552;PSDB;MANOEL PESSOA CARDOSO
2008;CE;13579;PDT;CLAUDIO BEZERRA SARAIVA
2008;CE;13595;PSDB;FRANCISCO JUNIOR LOPES TAVARES
2008;CE;13617;PRB;ANTONIO RUFINO MARTINS
2008;CE;13633;PSB;JOSÉ EDMILSON LEITE BARBOSA
2008;CE;13650;PR;JOÃO GILVAN DE OLIVEIRA
2008;CE;13676;PPS;RAIMUNDO NONATO CHAVES DE ARAÚJO
2008;CE;13692;PT;DÉCIO PAULO BONILHA MUNHOZ
2008;CE;13714;PMDB;JEFFERSON PAES DE ANDRADE RODRIGUES
2008;CE;13730;PRB;WASHINGTON LUIZ DE OLIVEIRA GOIS
2008;CE;13757;PP;JOÃO VIANA DE ARAÚJO
2008;CE;13773;PDT;JANALINE DE ALMEIDA PACHECO
2008;CE;13811;PSDB;CARLOS RONER FELIX ALBUQUERQUE
2008;CE;13838;PC DO B;CARLOS FELIPE SARAIVA BESERRA
2008;CE;13854;PSDB;SAMUEL VILAR DE ALENCAR ARARIPE
2008;CE;13870;PSL;JOSE VANDEVELDER FREITAS FRANCELINO
2008;CE;13897;PT;LUIZIANNE DE OLIVEIRA LINS
2008;CE;13919;PSB;HELTON LUIS AGUIAR JUNIOR
2008;CE;13935;PRB;ELIENE LEITE ARAUJO BRASILEIRO
2008;CE;13951;PSDB;ESMERINO OLIVEIRA ARRUDA COELHO
2008;CE;13978;PSDB;EMANUEL CLEMENTINO GRANGEIRO
2008;CE;13994;PTB;JOSÉ ALMIR MATOS LOPES
2008;CE;14010;PSDB;EGBERTO MARTINS FARIAS
2008;CE;14036;PR;LUIS EDUARDO VIANA VIEIRA
2008;CE;14052;PSDB;ANTONIO AFRÂNIO MARTINS MESQUITA
2008;CE;14060;PSB;FRANCISCO EDSON DE MORAIS
2008;CE;14079;PTB;MARCOS ANTONIO DA SILVA LIMA
2008;CE;14095;PMDB;MARCOS EUGENIO LEITE GUIMARÃES NUNES
2008;CE;14117;PMDB;AGENOR GOMES DE ARAUJO NETO
2008;CE;14133;PMDB;JOSE VALDI COUTINHO
2008;CE;14150;PMDB;JOSÉ GERALDO DOS SANTOS
2008;CE;14176;PMDB;HENRIQUE SÁVIO PEREIRA PONTES
2008;CE;14192;PSB;RAIMUNDO MELO SAMPAIO
2008;CE;14214;PRB;OTACILIO BEZERRA MENEZES
2008;CE;14230;PHS;RAIMUNDO NONATO SOUZA SILVA
2008;CE;14257;PSDB;FRANK GOMES FREITAS
2008;CE;14273;PP;FRANCISCO MARQUES MOTA
2008;CE;14290;PSDB;JOÃO RIBEIRO BARROSO
2008;CE;14311;PSDB;FELISBERTO CLEMENTINO FERREIRA
2008;CE;14338;PRB;JOSE FERREIRA MATEUS
2008;CE;14354;PMDB;AFONSO CUNHA SALDANHA
2008;CE;14370;PV;EDVALDO ALMEIDA SILVEIRA
2008;CE;14397;PRB;JOSE SERGIO PINEIRO DIOGENES
2008;CE;14419;PMDB;ANTONIO ROBERTO ROCHA SILVA
2008;CE;14435;PMDB;FERNANDO NEVES PEREIRA DA LUZ
2008;CE;14451;PP;ARLINDO ROCHA NETO
2008;CE;14478;PT;MANOEL RAIMUNDO DE SANTANA NETO
2008;CE;14494;PC DO B;JOSÉ HELÂNIO DE OLIVEIRA FACUNDO
2008;CE;14516;PMDB;EDENILDA LOPES DE OLIVEIRA SOUSA
2008;CE;14532;PRB;JOÃO DILMAR DA SILVA
2008;CE;14559;PC DO B;GEORGE LOPES VALENTIM
2008;CE;14575;PP;JOSE GRIJALMA ROCHA SILVA
2008;CE;14591;PR;FRANCISCO FONTENELE VIANA
2008;CE;14613;PSDB;JOAO PONTES MOTA
2008;CE;14630;PT;ISAAC GOMES DA SILVA JUNIOR
2008;CE;14656;PT;FRANCISCO ANTONIO FONTELES
2008;CE;14672;PMDB;HELLOSMAN SAMPAIO DE LACERDA
2008;CE;14680;PRB;ROBERTO IVENS UCHÔA SALES
2008;CE;14699;PSB;WASHINGTON LUIS MACÊDO FECHINE
2008;CE;14710;PSDB;JOSE WILAME BARRETO ALENCAR
2008;CE;14737;PSDB;JOSÉ ARAÚJO SOUTO
2008;CE;14753;PMDB;GLAUBER BARBOSA CASTRO
2008;CE;14770;PSB;JURANDI FONTELES DE OLIVEIRA
2008;CE;14796;PT;JERONIMO NETO BRANDAO
2008;CE;14818;PR;MANOEL GOMES DE LIMA
2008;CE;14834;DEM;JOSÉ MANSUETO MARTINS DE SOUZA
2008;CE;14850;PSDB;AFONSO DOMINGOS SAMPAIO
2008;CE;14877;PSC;MARCOS ALBERTO MARTINS TORRES
2008;CE;14893;PSDB;RODRIGO COELHO SAMPAIO
2008;CE;14915;PSB;MARIA DE FÁTIMA MACIEL BEZERRA
2008;CE;14931;PSDB;PEDRO JOSE PHILOMENO GOMES FIGUEIREDO
2008;CE;14958;PRB;JOSÉ ROBERTO FRANKLIN CAVALCANTE
2008;CE;14974;PPS;FRANCISCO ROMULO CRUZ GOMES
2008;CE;14990;PSB;MARIA LUCIVANE DE SOUZA
2008;CE;15016;PSDB;FRANCISCO NILSON FREITAS
2008;CE;15032;PT;ANTONIO CLAUDIO MOTA MARTINS
2008;CE;15059;PP;ERICA DE FIGUEIREDO DER HOVANNESSIAN
2008;CE;15075;PMDB;GENECIAS MATEUS NORONHA
2008;CE;15091;PT;MARCOS AURELIO MARIZ SANTOS
2008;CE;15113;PRP;ANTONIO GOIS MONTEIRO MENDES
2008;CE;15130;PSB;LUIS FERNANDES BEZERRA FILHO
2008;CE;15156;PRB;JOAO BOSCO PESSOA TABOSA
2008;CE;15172;PRB;RAIMUNDO ESTEVAM NETO
2008;CE;15199;PSDB;EXPEDITO JOSE DO NASCIMENTO
2008;CE;15210;PSDB;ADERSON JOSÉ PINHO MAGALHÃES
2008;CE;15237;PSB;MANOEL NOVAIS MIRANDA
2008;CE;15253;PC DO B;SAMUEL CARLOS TENORIO ALVES DE ALENCAR
2008;CE;15270;PT;ROMULO NEPOMUCENO BEZERRA CARNEIRO
2008;CE;15296;PMDB;EDMILSON CORREIA DE VASCONCELOS JÚNIOR
2008;CE;15318;PRB;RAIMUNDO NONATO GUIMARÃES MAIA
2008;CE;15334;PSB;FRANCISCA TORRES BEZERRA
2008;CE;15350;PRB;OSVALDO HONORIO LEMOS JUNIOR
2008;CE;15377;PSDB;RAIMUNDO CORDEIRO DE FREITAS
2008;CE;15393;PSDB;MARCONDES HERBSTER FERRAZ
2008;CE;15415;PMDB;JOSÉ MARIA SABINO
2008;CE;15431;PSDB;JESUS WERTON GARCIA
2008;CE;15440;PT;AGENOR MANOEL RIBEIRO
2008;CE;15458;PSDB;FRANCISCO DAS CHAGAS MAGALHAES MESQUITA
2008;CE;15474;PMDB;TOMAZ ANTONIO BRANDÃO JUNIOR
2008;CE;15490;PR;WÁLTER RAMOS DE ARAÚJO JÚNIOR
2008;CE;15512;PSDB;JOSÉ CARLOS NOBRE FREIRE
2008;CE;15539;PSDB;JOSELIA MOURA AGUIAR BARROSO
2008;CE;15555;PT;ANTONIO TEIXEIRA DE OLIVEIRA
2008;CE;15571;PSDB;ALEX SANDRO RODRIGUES OLIVEIRA
2008;CE;15598;PSB;JOSÉ LEÔNIDAS DE MENEZES CRISTINO
2008;CE;15610;PMDB;ANTONIO VALTERNO NOGUEIRA PINHEIRO
2008;CE;15636;PMDB;RAIMUNDO DINARDO DA SILVA MAIA
2008;CE;15652;PSB;JOSE JEOVÁ SOUTO MOTA
2008;CE;15679;PMDB;ODILON SILVEIRA AGUIAR
2008;CE;15695;PMDB;NATALIA FELIX DA FROTA
2008;CE;15717;PRB;JOSIMAR MOURA AGUIAR
2008;CE;15733;PSB;ARI DE OLIVEIRA VASCONCELOS
2008;CE;15750;PT;FRANCISCO ALEXANDRE BARROS FILHO
2008;CE;15776;PRB;JOSÉ GIUVAN PIRES NUNES
2008;CE;15792;PTB;MANOEL FERNANDES MOREIRA FILHO
2008;CE;15814;PMDB;JOSE HELDER MAXIMO DE CARVALHO
2008;CE;15830;PSDB;PEDRO DA SILVA BRITO
2008;CE;15857;PR;ROBERTO SOARES PESSOA
2008;CE;15873;PT;EDIVALDO ASSIS DE JESUS
2008;CE;15881;PSDB;AURINEIDE BEZERRA DE SOUSA PONTES
2008;CE;15890;PSDB;JOÃO MUNIZ SOBRINHO
2008;CE;15911;PTB;EDMUNDO RODRIGUES JUNIOR
2008;CE;15920;PSDB;JOSÉ EDMILSON GOMES
2008;CE;15938;PSDB;JOSÉ EDILSON DA SILVA
2008;CE;15954;PMDB;MARCOS ROBERIO RIBEIRO MONTEIRO
2008;CE;15970;PMDB;JOSE CLAUDIO DIAS DE OLIVEIRA
2008;CE;15989;PSDB;LUIZ CLAUDENILTON PINHEIRO
2008;CE;15997;PP;JOANA D ARC BATISTA CARVALHO
2008;CE;98531;PSB;GILSON JOSÉ DE OLIVEIRA
2008;CE;98558;PR;JOSÉ AFRANIO PINHO PINHEIRO
2008;CE;98574;PMDB;ROSA CÂNDIDA DE  OLIVEIRA XIMENES
2012;CE;13005;PSD;FRANCISCO LINDOMAR FILOMENO OLIVEIRA
2012;CE;13013;PSDB;FRANCISCO JOAQUIM SAMPAIO
2012;CE;13021;PSB;ZARLUL KALIL FILHO
2012;CE;13030;PMDB;ALEXANDRE FERREIRA GOMES DA SILVEIRA
2012;CE;13048;PSB;MARIA MARFISA LOPES AGUIAR
2012;CE;13056;PSB;FRANCISCO VILMAR FÉLIX MARTINS
2012;CE;13064;PRB;MARIA IRALDICE DE ALCANTARA
2012;CE;13072;PSB;JOSE AIRTON DE ARAUJO
2012;CE;13080;PSDB;RAIMUNDO NONATO BARROSO BONFIM
2012;CE;13099;PSB;FRANCISCO ELIESIO FONTELES
2012;CE;13102;PSD;JOSE BARRETO COUTO NETO
2012;CE;13110;PSB;JOAQUIM SOARES NETO
2012;CE;13129;PMDB;ANTONIO PEIXOTO SALDANHA
2012;CE;13137;PRB;JOSÉ IRAN DA SILVA PAULINO
2012;CE;13145;PSB;FRANKLIN VERISSIMO OLIVEIRA
2012;CE;13153;PDT;ANTONIO ROSENO FILHO
2012;CE;13161;PSL;ARGENTINA SAMPAIO PADILHA
2012;CE;13170;PDT;FRANCISCO JOSÉ BARBOSA GOIS
2012;CE;13188;PSDB;MANOEL GOMES DE FARIAS NETO
2012;CE;13196;PSB;ANTONIO FERNANDO FREITAS GUIMARÃES
2012;CE;13200;PSD;MANOEL MARTINS ALVES
2012;CE;13218;PDT;FRANCISCO IVAN SILVÉRIO DA COSTA
2012;CE;13226;PSB;JOSE ARIMATEA LIMA BARROS JUNIOR
2012;CE;13234;PSDB;ANTONIO CLAUDIO PINHEIRO
2012;CE;13242;PSB;KAIO VIRGINIO GURGEL NOGUEIRA
2012;CE;13250;PSD;JOSÉ HUMBERTO GERMANO CORREIA
2012;CE;13269;PRB;FRANCISCO ADELMO NOGUEIRA QUEIROZ DE AQUINO
2012;CE;13277;PSB;JOSE IVAN SANTOS NETO
2012;CE;13285;PT;VALDEMAR ARAUJO DA SILVA FILHO
2012;CE;13293;PMDB;ANTONIO MONTEIRO PEDROSA FILHO
2012;CE;13307;PT;VÂNIA CLEMENTINO LOPES
2012;CE;13315;PT;LUIS SAMUEL FREIRE
2012;CE;13323;PDT;FRANCISCO VALMAR MOTA BERNARDO
2012;CE;13331;PMDB;JOSÉ ADAILTON MACEDO
2012;CE;13340;PT;ANTONIO ALVES MELO
2012;CE;13358;PSD;LAURA CRISTINA FERREIRA ALENCAR
2012;CE;13366;PT;MARIA GIRLEUDA DA SILVA MATIAS ARAUJO
2012;CE;13374;PT;JOSÉ LEITE GONÇALVES CRUZ
2012;CE;13382;PSD;VERIDIANO PEREIRA DE SALES
2012;CE;13390;PDT;FRANCISCO LUIZ TAVARES DE ARAUJO
2012;CE;13404;PTB;TERESINHA MARIA CERQUEIRA LIMA GOMES
2012;CE;13412;PSB;JOÃO BOSCO PINTO SARAIVA
2012;CE;13420;PT;ARISTEU ALVES EDUARDO
2012;CE;13439;PP;MICHELE CARIELLO DE SÁ
2012;CE;13447;PSC;ANTONIO PEREIRA LEITAO
2012;CE;13455;PSB;CARLOS ANTONIO VASCONCELOS CARVALHO
2012;CE;13463;PSD;JOSÉ ANTONIO RODRIGUES MENDES
2012;CE;13471;PR;ALINE CAVALCANTE VIEIRA
2012;CE;13480;PPL;ABEL CERCELINO RANGEL JUNIOR
2012;CE;13498;PSB;GUILHERME SAMPAIO LANDIM
2012;CE;13501;PRB;ADRIANA PINHEIRO BARBOSA
2012;CE;13510;PSB;MONICA GOMES AGUIAR
2012;CE;13536;PSD;MOESIO LOIOLA DE MELO
2012;CE;13552;PT;FRANCISCO CELSO CRISOSTOMO SECUNDINO
2012;CE;13579;PDT;CLAUDIO BEZERRA SARAIVA
2012;CE;13595;PSD;MARIA SIMONE FERNANDES TAVARES
2012;CE;13617;PRB;ANTONIO RUFINO MARTINS
2012;CE;13633;PMDB;JOÃO MARCOS PEREIRA
2012;CE;13650;PPL;JOÃO GILVAN DE OLIVEIRA
2012;CE;13676;PSD;RAIMUNDO NONATO CHAVES DE ARAUJO
2012;CE;13692;PHS;FRANCISCA IVONETE MATEUS PEREIRA
2012;CE;13714;PMDB;RAFAEL RUFINO MELO PAES DE ANDRADE
2012;CE;13730;PRB;WASHINGTON LUIZ DE OLIVEIRA GOIS
2012;CE;13757;PSB;FRANCISCO NILSON ALVES DINIZ
2012;CE;13773;PSD;FRANCISCO CARNEIRO PACHECO NETO
2012;CE;13811;PSD;ERIKA FROTA MONTE COELHO CRISTINO
2012;CE;13838;PC DO B;CARLOS FELIPE SARAIVA BESERRA
2012;CE;13854;PMDB;RONALDO SAMPAIO GOMES DE MATTOS
2012;CE;13870;PC DO B;JOSÉ VANDEVELDER FREITAS FRANCELINO
2012;CE;13919;PMDB;CARLEONE JUNIOR DE ARAUJO
2012;CE;13935;PRB;MARIA EDIENE MONTEIRO DO NASCIMENTO
2012;CE;13951;PR;ROMEU ALDIGUERI DE ARRUDA COELHO
2012;CE;13978;PRB;RAIMUNDO DUCLIEUX DE FREITAS
2012;CE;13994;PT;ADAIL ALBUQUERQUE MELO
2012;CE;14010;PSD;REGIVALDO MELO CAVALCANTE
2012;CE;14036;PR;LUIS EDUARDO VIANA VIEIRA
2012;CE;14052;PSD;MARIA DE FATIMA GOMES MOURÃO
2012;CE;14060;PSD;ELIRIA MARIA FREITAS DE QUEIROZ
2012;CE;14079;PMDB;MARTA ÂNGELA SOBREIRA VANDERLEI
2012;CE;14095;DEM;JOSE JAIME BEZERRA RODRIGUES JUNIOR
2012;CE;14117;PRB;ADERILO ANTUNES ALCANTARA FILHO
2012;CE;14133;PSB;LUIZ VALTERLIN COUTINHO
2012;CE;14150;PSD;WILSON ALVES DE FREITAS
2012;CE;14176;PC DO B;CARLOS SERGIO RUFINO MOREIRA
2012;CE;14192;PSB;RAIMUNDO NONATO DE OLIVEIRA
2012;CE;14214;PT;JOSE JUAREZ DIOGENES TAVARES
2012;CE;14230;PHS;JOSE ELISNALDO MOTA PINTO
2012;CE;14257;PMDB;JOSÉ ORLANDO DE HOLANDA
2012;CE;14273;PTB;CIRO MESQUITA DA SILVA BRAGA
2012;CE;14290;PT;DAGMAURO SOUSA MOREIRA
2012;CE;14311;PDT;LUIS CAVALCANTE DE FREITAS
2012;CE;14338;PSB;ANTONIO ALMIR BIE DA SILVA
2012;CE;14354;PSD;ILA MARIA PINHEIRO NOGUEIRA SARAIVA
2012;CE;14370;PSDB;FRANCISCO HOLANDA GUEDES
2012;CE;14397;PSB;JOSÉ ABNER NOGUEIRA DIÓGENES PINHEIRO
2012;CE;14419;PT;ANA TERESA BARBOSA DE CARVALHO
2012;CE;14435;PMDB;ANALEDA NEVES SAMPAIO
2012;CE;14451;PR;MARIA DE JESUS DINIZ NOGUEIRA
2012;CE;14478;PMDB;RAIMUNDO ANTONIO DE MACEDO
2012;CE;14494;PSB;RAIMUNDO LUNA NETO
2012;CE;14516;PRB;GUSTAVO AUGUSTO LIMA BISNETO
2012;CE;14532;DEM;PAULO CARLOS SILVA DUARTE
2012;CE;14559;PSB;ATILA CORDEIRO CAMARA
2012;CE;14575;PP;JOSE GRIJALMA ROCHA SILVA
2012;CE;14591;PMDB;JAMES MARTINS PEREIRA BARROS
2012;CE;14613;PSB;ANTONIO JOSE AGUIAR ALBUQUERQUE
2012;CE;14630;PT;FRANCISCO EVANILDO SIMÃO DA SILVA
2012;CE;14656;PT;MANUEL COSTA GOMES
2012;CE;14672;PMDB;HELLOSMAN SAMPAIO DE LACERDA
2012;CE;14680;PRB;ROBERTO IVENS UCHOA SALES
2012;CE;14699;PT;TARDINY PINHEIRO ROBERTO
2012;CE;14710;PSD;ECILDO EVANGELISTA FILHO
2012;CE;14737;PSB;FRANCISCO JEOVÁ SOUSA CAVALCANTE
2012;CE;14753;PMDB;GLAUBER BARBOSA CASTRO
2012;CE;14770;PSB;JURANDI FONTELES DE OLIVEIRA
2012;CE;14796;PT;JERÔNIMO NETO BRANDÃO
2012;CE;14818;PSDB;WILEBALDO MELO AGUIAR
2012;CE;14834;PDT;FRANCISCO SAVIO BEZERRA UCHOA
2012;CE;14850;PSD;FRANCISCO RONALDO SAMPAIO
2012;CE;14877;PMDB;GONCALO SOUTO DIOGO
2012;CE;14893;PSD;GODOFREDO DE LIMA VIEIRA
2012;CE;14915;PSB;SIMÃO PEDRO ALVES PEQUENO
2012;CE;14931;PT;MARCOS ROBERTO BRITO PAIXÃO
2012;CE;14958;PSB;ALEXANDRE MAGNO MEDEIROS ALENCAR
2012;CE;14974;PSB;EDSON LEITE ARAUJO
2012;CE;14990;PSB;MARIA LUCIVANE DE SOUZA
2012;CE;15016;PSD;FRANCISCO NILSON FREITAS
2012;CE;15032;PPL;JOSE MARIA BEZERRA SIPRIANO
2012;CE;15059;PC DO B;FRANCISCO SIDNEY ANDRADE GOMES
2012;CE;15075;PMDB;KEYLLY MATEUS NORONHA
2012;CE;15091;PSDB;SAMUEL BOYADJIAN
2012;CE;15113;PMDB;PEDRO VIEIRA FILHO
2012;CE;15130;PSB;LUIS FERNANDES BEZERRA FILHO
2012;CE;15156;PT;MARIA IVONEIDE RODRIGUES DE MOURA
2012;CE;15172;PSD;JOÃO FRANCISMAR DIAS
2012;CE;15199;PSD;EXPEDITO JOSE DO NASCIMENTO
2012;CE;15210;PSDB;CARLISSON EMERSON ARAÚJO DA ASSUNÇÃO
2012;CE;15237;PSB;MANOEL NOVAIS MIRANDA
2012;CE;15253;PC DO B;SAMUEL CARLOS TENORIO ALVES DE ALENCAR
2012;CE;15270;PRB;JOAO HUDSON RODRIGUES BEZERRA
2012;CE;15296;PSD;CIRILO ANTONIO PIMENTA LIMA
2012;CE;15318;PSB;FRANCISCO RAIMUNDO SANTIAGO BESSA
2012;CE;15334;PDT;MANUEL SOARES BANDEIRA
2012;CE;15350;PSB;GALENO TAUMATURGO LOPES
2012;CE;15377;PRB;RAIMUNDO WEBER DE ARAUJO
2012;CE;15393;PSDB;MARCONDES HERBSTER FERRAZ
2012;CE;15415;PC DO B;ANTONIO HELDER ARCANJO
2012;CE;15431;PSL;DANIELI DE ABREU MACHADO
2012;CE;15440;PT;RONDILSON DE ALENCAR RIBEIRO
2012;CE;15458;PMDB;FABIANO MAGALHÃES DE MESQUITA
2012;CE;15474;PC DO B;GADYEL GONÇALVES DE AGUIAR PAULA
2012;CE;15490;PSB;FRANCISCO CLAUDIO PINTO PINHO
2012;CE;15512;PRB;FRANCISCO ACACIO CHAVES
2012;CE;15539;PSDC;DANIELLE ROSE UCHÔA NUNES
2012;CE;15555;PT;ANTONIO MENDES DE CARVALHO
2012;CE;15571;PSDB;ALEX SANDRO RODRIGUES OLIVEIRA
2012;CE;15598;PT;JOSE CLODOVEU DE ARRUDA COELHO NETO
2012;CE;15610;PRB;JOSE WEBSTON NOGUEIRA PINHEIRO
2012;CE;15636;PT;JOSE MARCONDES MOREIRA
2012;CE;15652;PSB;JOSE RAMIRO TEIXEIRA JUNIOR
2012;CE;15679;PMDB;PATRICIA PEQUENO COSTA GOMES DE AGUIAR
2012;CE;15695;PSB;JEAN NUNES AZEVEDO
2012;CE;15717;PSDB;REGINA NARA BATISTA PORTO
2012;CE;15733;PP;JOSE ROMANO DO NASCIMENTO
2012;CE;15750;PR;MIRINEIDE PINHEIRO MOURA
2012;CE;15776;PSD;LUIZ VLADEIRTON OLIVEIRA DE QUEIROZ FILHO
2012;CE;15792;PSB;FRANCISCO KILSEM PESSOA AQUINO
2012;CE;15814;PSD;FRANCISCO VANDERLEI DE SOUSA FREIRE
2012;CE;15830;PSDB;DIVALDO CARNEIRO SOARES
2012;CE;15857;PR;JOSE FIRMO CAMURÇA NETO
2012;CE;15873;PT;PAULO CESAR DOS SANTOS
2012;CE;15881;PMDB;ANTONIO FELINTO FILHO
2012;CE;15890;PT;ODAIR JOSE MENDES DE VASCONCELOS
2012;CE;15911;PT;GERLASIO MARTINS DE LOIOLA
2012;CE;15920;PSD;JOSÉ EDMILSON GOMES
2012;CE;15938;PT;JERONIMO FELIPE REIS DE SOUZA
2012;CE;15954;PV;BENEDITO MONTEIRO DOS SANTOS FILHO
2012;CE;15970;PP;OTACILIO JOSE PINHEIRO MACEDO
2012;CE;15989;PSDB;MARIA RIZOLETA PINHEIRO MOREIRA
2012;CE;15997;PSB;CARLOS HENRIQUE DE AZEVEDO
2012;CE;98531;PT;MARIA DE FÁTIMA ARAUJO
2012;CE;98558;PSD;JOSÉ PINTO DA SILVA
2012;CE;98574;PMDB;ROSA CÂNDIDA DE OLIVEIRA XIMENES
2012;CE;13897;PSB;ROBERTO CLAUDIO RODRIGUES BEZERRA
2016;CE;13005;SD;LINDBERGH MARTINS
2016;CE;13013;PT;AFONSO TAVARES LEITE
2016;CE;13021;PMDB;MARIA SONIA DE OLIVEIRA COSTA
2016;CE;13030;PDT;ALEXANDRE FERREIRA GOMES DA SILVEIRA
2016;CE;13048;PDT;MARIA MARFISA MARQUES AGUIAR
2016;CE;13056;PMDB;ANTONIO ALMEIDA NETO
2016;CE;13064;PC DO B;AUGUSTO BRITO
2016;CE;13072;PSD;RAMILSON ARAUJO MORAES
2016;CE;13080;PDT;MARIA DE FÁTIMA GALDINO ALBUQUERQUE
2016;CE;13099;PDT;JOAQUIM FREIRE CARVALHO
2016;CE;13102;SD;JOSÉ BARRETO COUTO NETO
2016;CE;13110;PT;FRANCISCO DARIOMAR RODRIGUES SOARES
2016;CE;13129;PT;ANTONIO ALAILSON OLIVEIRA SALDANHA
2016;CE;13137;PSB;MARIA IRISNEILE GADELHA SOUSA COSTA
2016;CE;13145;PSD;FRANKLIN VERISSIMO OLIVEIRA
2016;CE;13153;SD;FRANCISCO EVANDRO ARRAIS DE ALMEIDA
2016;CE;13161;PSD;FRANCISCO DE CASTRO MENEZES JUNIOR
2016;CE;13170;PSD;ROBERTO SAVIO GOMES DA SILVA
2016;CE;13188;PSDB;FRANCISCO CESAR DE SOUSA
2016;CE;13196;PMDB;EDSON SÁ
2016;CE;13200;PP;ANTONIO NIVALDO MUNIZ DA SILVA
2016;CE;13218;PTB;BISMARCK COSTA LIMA PINHEIRO MAIA
2016;CE;13226;PEN;ACILON GONÇALVES PINTO JUNIOR
2016;CE;13234;PSDB;ANTONIO CLAUDIO PINHEIRO
2016;CE;13242;PR;MARCELO DE CASTRO FRADIQUE ACCIOLY
2016;CE;13250;PR;GIOVANE GUEDES SILVESTRE
2016;CE;13269;PSD;JOSE EUDES DA SILVA
2016;CE;13277;PR;MARIA AUXILIADORA LIMA BATISTA
2016;CE;13285;PT;VALDEMAR ARAÚJO DA SILVA FILHO
2016;CE;13293;PMDB;EDGAR DE CASTRO MONTEIRO
2016;CE;13307;PP;AMALIA LOPES DE SOUSA
2016;CE;13315;PSD;FRANCISCO EVANDERTO ALMEIDA
2016;CE;13323;PMDB;ANTONIA HELOIDE ESTEVAM RODRIGUES
2016;CE;13331;PR;JOAO ANTONIO DE MACEDO JUNIOR
2016;CE;13340;PT;ANTONIO ALVES MELO
2016;CE;13358;PSB;JOSÉ HUMBERTO MOURA RAMALHO
2016;CE;13366;PP;TERTULIANO CANDIDO MARTINS DE ARAÚJO
2016;CE;13374;PSDB;ARGEMIRO SAMPAIO NETO
2016;CE;13382;PDT;FRANCISCO HERMES NOBRE
2016;CE;13390;DEM;JOSÉ MARQUINÉLIO TAVARES
2016;CE;13404;PTB;ADEMAR PINTO VERAS
2016;CE;13412;PDT;FRANCISCO DE ASSIS GERMANO ARRUDA
2016;CE;13420;PT;ARISTEU ALVES EDUARDO
2016;CE;13439;PSD;PEDRO DA CUNHA
2016;CE;13447;PDT;RAVENNA FERNANDES GOMES MESQUITA LIMA
2016;CE;13455;PTB;ELIESIO ROCHA ADRIANO
2016;CE;13463;PEN;MARCONDES DE HOLANDA JUCÁ
2016;CE;13471;PR;ALINE CAVALCANTE VIEIRA
2016;CE;13480;PMDB;ABEL CERCELINO RANGEL JUNIOR
2016;CE;13498;PDT;TERESA MARIA LANDIM TAVARES
2016;CE;13501;PMDB;NASELMO DE SOUSA FERREIRA
2016;CE;13510;PDT;MONICA GOMES AGUIAR
2016;CE;13536;PDT;MOÉSIO LOIOLA DE MELO
2016;CE;13552;PMDB;MARIA DO ROZARIO ARAUJO PEDROSA XIMENES
2016;CE;13579;PSDB;INES NASCIMENTO DE OLIVEIRA
2016;CE;13595;PDT;MARIA AMANDA LOPES COSTA
2016;CE;13617;PDT;ELMO ROBERTO BELCHIOR AGUIAR
2016;CE;13633;PDT;JOSÉ EDMILSON LEITE BARBOSA
2016;CE;13650;PSDB;JOSE FERNANDES FERREIRA
2016;CE;13676;PMDB;ANTONIO ADEMIR BARROSO MARTINS
2016;CE;13692;PDT;FRANCISCA IVONETE MATEUS PEREIRA
2016;CE;13714;PMDB;THIAGO PAES DE ANDRADE RODRIGUES
2016;CE;13757;PDT;FRANCISCO NILSON ALVES DINIZ
2016;CE;13773;PDT;SEBASTIÃO SOTERO VERAS
2016;CE;13811;PSDB;CARLOS RONER FELIX ALBUQUERQUE
2016;CE;13838;SD;MARCELO FERREIRA MACHADO
2016;CE;13854;PP;JOSE AILTON DE SOUSA BRASIL
2016;CE;13870;PC DO B;JOSE MARIA GOMES PEREIRA
2016;CE;13919;PP;CARLEONE JUNIOR DE ARAUJO
2016;CE;13935;PDT;FRANCISCO CORDEIRO MOREIRA
2016;CE;13951;PDT;AMANDA ARRUDA MENEZES
2016;CE;13978;PSD;JOAO GREGORIO NETO
2016;CE;13994;PPS;FRANCISCO UELITON MARTINS VASCONCELOS
2016;CE;14010;PMDB;ANTONIO ADAIL MACHADO CASTRO
2016;CE;14036;PDT;ROBERLANDIA FERREIRA CASTELO BRANCO
2016;CE;14052;PDT;IRES MOURA OLIVEIRA
2016;CE;14060;PMDB;FRANCISCO EDSON DE MORAES
2016;CE;14079;PR;ANTONIO LEANDRO GOMES LINHARES
2016;CE;14095;PMB;ANA LAIS PEIXOTO CORREIA NUNES
2016;CE;14117;PDT;EDNALDO DE LAVOR COURAS
2016;CE;14133;PSD;JOSE VALDI COUTINHO
2016;CE;14150;PMDB;JOSÉ GERALDO DOS SANTOS
2016;CE;14176;PC DO B;CARLOS SERGIO RUFINO MOREIRA
2016;CE;14192;PDT;RAIMUNDO MELO SAMPAIO
2016;CE;14214;PT;JOSE JUAREZ DIOGENES TAVARES
2016;CE;14230;PSD;GERALDINA LOPES BRAGA
2016;CE;14257;PMDB;JOSÉ ERENARCO DA SILVA
2016;CE;14273;PP;RAIMUNDO DIMAS ARAÚJO CRUZ
2016;CE;14290;PSDB;JOÃO RIBEIRO BARROSO
2016;CE;14311;PMDB;FRANCISCO DÁRIO DE OLIVEIRA COELHO
2016;CE;14338;PDT;ANTONIO ALMIR BIE DA SILVA
2016;CE;14354;PR;FRANCISCO GLAIRTON RABELO CUNHA
2016;CE;14370;PSDB;JOACY ALVES DOS SANTOS JUNIOR
2016;CE;14397;PDT;JOSÉ ABNER NOGUEIRA DIÓGENES PINHEIRO
2016;CE;14419;PTN;ROBERTO BARBOSA MOREIRA
2016;CE;14435;PC DO B;ANIZIARIO JORGE COSTA
2016;CE;14451;PSD;MARIA DE JESUS DINIZ NOGUEIRA
2016;CE;14478;PTB;JOSE ARNON CRUZ BEZERRA DE MENEZES
2016;CE;14494;PDT;RAIMUNDO LUNA NETO
2016;CE;14516;PMDB;ILDSSER ALENCAR LOPES
2016;CE;14532;PMDB;JOSÉ MARIA DE OLIVEIRA LUCENA
2016;CE;14559;PHS;JOÃO PAULO DE CASTRO CARNEIRO XEREZ SILVA
2016;CE;14575;PSD;ROGER NEVES AGUIAR
2016;CE;14591;PSD;FRANCISCO FONTENELE JUNIOR
2016;CE;14613;PMDB;JOAO JACQUES CARNEIRO ALBUQUERQUE
2016;CE;14630;PDT;JOSEVAN LEITE DE OLIVEIRA
2016;CE;14656;PP;FRANCISCO ANTONIO FONTELES
2016;CE;14672;PDT;LIELSON MACEDO LANDIM
2016;CE;14680;PR;ANTÔNIO EDNARDO BRAGA LIMA FILHO
2016;CE;14699;PMDB;DIEGO GONDIM FEITOSA
2016;CE;14710;PMDB;ECILDO EVANGELISTA FILHO
2016;CE;14737;PDT;FRANCISCO JEOVÁ SOUSA CAVALCANTE
2016;CE;14753;PT;JOSE VANDERLEY NOGUEIRA
2016;CE;14770;PDT;CARLOS ÁQUILA CUNHA DE QUEIROZ
2016;CE;14796;PSDB;CARLOS ALBERTO ROCHA BRUNO
2016;CE;14818;PC DO B;FRANCISCO DAS CHAGAS PARENTE AGUIAR
2016;CE;14834;PMN;ROBERT VIANA LEITAO
2016;CE;14850;PSD;AFONSO DOMINGOS SAMPAIO
2016;CE;14877;PMN;RAFAEL HOLANDA PEDROSA
2016;CE;14893;PC DO B;VANALDO CARLOS MOURA
2016;CE;14915;PSD;SIMAO PEDRO ALVES PEQUENO
2016;CE;14931;PP;FLANKY JOSÉ AMARAL CHAVES
2016;CE;14958;PMDB;CARLOMANO GOMES MARQUES
2016;CE;14974;PV;FRANCISCO JOSE SAMPAIO LEITE
2016;CE;14990;PDT;ALEX HENRIQUE ALVES DE MELO
2016;CE;15016;PT;IVANILDO NUNES DA SILVA
2016;CE;15032;PROS;DAVID CAMPOS MARTINS
2016;CE;15059;PSDB;JOSÉ RIBAMAR BARROSO BAPTISTA
2016;CE;15075;SD;RAIMUNDO NORONHA FILHO
2016;CE;15091;PDT;EDUARDO FEIJÓ SANTOS
2016;CE;15113;PRP;ANTONIO GOIS MONTEIRO MENDES
2016;CE;15130;PDT;FRANCISCO AGABIO SAMPAIO GONDIM
2016;CE;15156;PDT;JOAO BOSCO PESSOA TABOSA
2016;CE;15172;PDT;RAIMUNDO ESTEVAM NETO
2016;CE;15199;PDT;BISMARCK BARROS BEZERRA
2016;CE;15210;PDT;CARLISSON EMERSON ARAUJO DA ASSUNÇÃO
2016;CE;15237;PTB;FÁBIO PINHEIRO CARDOSO
2016;CE;15253;PT;ANTONIA ALIZANDRA GOMES DOS SANTOS
2016;CE;15270;PT;JOSÉ ILÁRIO GONÇALVES MARQUES
2016;CE;15296;SD;CLÉBIO PAVONE FERREIRA DA SILVA
2016;CE;15318;PDT;FRANCISCO RAIMUNDO SANTIAGO BESSA
2016;CE;15334;PHS;DAVID SANTA CRUZ BENEVIDES
2016;CE;15350;PDT;OSVALDO HONORIO LEMOS NETO
2016;CE;15377;PRB;RAIMUNDO WEBER DE ARAÚJO
2016;CE;15393;PSD;JOSE GOTARDO DOS SANTOS MARTINS
2016;CE;15415;PMDB;RAIMUNDO MARCELO ARCANJO
2016;CE;15431;PSL;DANIELI DE ABREU MACHADO
2016;CE;15440;PT;RONDILSON DE ALENCAR RIBEIRO
2016;CE;15458;PMDB;TOMAS ANTONIO ALBUQUERQUE DE PAULA PESSOA
2016;CE;15474;PC DO B;GADYEL GONCALVES DE AGUIAR PAULA
2016;CE;15490;PDT;FRANCISCO CLÁUDIO PINTO PINHO
2016;CE;15512;PDT;FRANCISCO ACÁCIO CHAVES
2016;CE;15539;PR;CAROLINA DE ARAUJO RAMALHO PEQUENO
2016;CE;15555;PDT;ANTONIO MAURÍCIO PINHEIRO JUCÁ
2016;CE;15571;PSD;REGINA LUCIA VASCONCELOS CORDEIRO
2016;CE;15598;PDT;IVO FERREIRA GOMES
2016;CE;15610;PRB;JOSÉ WEBSTON NOGUEIRA PINHEIRO
2016;CE;15636;PSD;RILDSON RABELO VASCONCELOS
2016;CE;15652;PMDB;PEDRO CALISTO DA SILVA
2016;CE;15679;PR;CARLOS WINDSON CAVALCANTE MOTA
2016;CE;15695;PTB;JOSÉ JAYDSON SARAIVA DE AGUIAR
2016;CE;15717;PSDB;MARCOS HENRIQUE FERREIRA DO PRADO
2016;CE;15733;PDT;RENE DE ALMEIDA VASCONCELOS
2016;CE;15750;PSD;MIRINEIDE PINHEIRO MOURA
2016;CE;15776;PC DO B;JOSÉ HILSON DE PAIVA
2016;CE;15792;PDT;FRANCISCO KILSEM PESSOA AQUINO
2016;CE;15814;PMDB;JOSÉ HELDER MÁXIMO DE CARVALHO
2016;CE;15830;PMDB;JOSE FIRMINO DE ARRUDA
2016;CE;15857;PR;JOSE FIRMO CAMURÇA NETO
2016;CE;15873;PDT;VALDIR HERBSTER FILHO
2016;CE;15881;PDT;ANTONIO RIBEIRO DE SOUSA
2016;CE;15890;PSDB;JOÃO MUNIZ SOBRINHO
2016;CE;15911;PT;GERLASIO MARTINS DE LOIOLA
2016;CE;15920;PDT;FRANCISCO JOSE MAGALHAES CARNEIRO
2016;CE;15938;PMDB;RAIMUNDO LACERDA FILHO
2016;CE;15954;PDT;ELIZEU CHARLES MONTEIRO
2016;CE;15970;PSD;JOSE DARLAN DANTAS PINHEIRO
2016;CE;15989;PSDB;LUIZ CLAUDENILTON PINHEIRO
2016;CE;15997;PSDB;DIMITRI RABELO BATISTA CASTRO
2016;CE;98531;PT;MARIA DE FATIMA ARAUJO
2016;CE;98558;PSD;FELIPE CARLOS UCHOA SALES RIBEIRO
2016;CE;98574;PMDB;FRANCISCA CELIA RODRIGUES DE SOUSA
2016;CE;13730;PMB;NAUMI GOMES DE AMORIM
2016;CE;13897;PDT;ROBERTO CLAUDIO RODRIGUES BEZERRA
2020;CE;13013;PT;AFONSO TAVARES LEITE
2020;CE;13161;PDT;FRANCISCO DE CASTRO MENEZES JÚNIOR
2020;CE;13218;PTB;BISMARCK COSTA LIMA PINHEIRO MAIA
2020;CE;13269;PP;LUAN DANTAS FELIX
2020;CE;13315;PDT;JOSE LIBORIO LEITE NETO
2020;CE;13358;PDT;RAIMUNDO AMAURÍLIO ARAÚJO OLIVEIRA
2020;CE;13366;PDT;TERTULIANO CANDIDO MARTINS DE ARAUJO
2020;CE;13374;PDT;GUILHERME SAMPAIO SARAIVA
2020;CE;13382;PDT;FRANCISCO HERMES NOBRE
2020;CE;13390;MDB;HERICLES GEORGE FEITOSA ALBUQUERQUE
2020;CE;13404;PDT;JAIME VERAS SILVA FILHO
2020;CE;13420;PT;ALEXANDRE FELIX DUTRA
2020;CE;13447;PDT;RAVENNA FERNANDES GOMES MESQUITA LIMA
2020;CE;13455;PDT;JOSE OTACILIO DE MORAIS NETO
2020;CE;13498;PDT;MARIA GISLAINE SANTANA SAMPAIO LANDIM
2020;CE;13595;PDT;MARIA SIMONE FERNANDES TAVARES
2020;CE;13633;PDT;JOSÉ EDMILSON LEITE BARBOSA
2020;CE;13676;PDT;JOSE WELITON SOUZA LEITE
2020;CE;13730;PROS;VITOR PEREIRA VALIM
2020;CE;13854;PT;JOSÉ AILTON DE SOUSA BRASIL
2020;CE;13870;PDT;FRANCISCO AUSTRAGEZIO SALES
2020;CE;13897;PDT;JOSÉ SARTO NOGUEIRA MOREIRA
2020;CE;13919;PDT;HELTON LUIS AGUIAR JUNIOR
2020;CE;13935;PDT;FRANCISCO CORDEIRO MOREIRA
2020;CE;13951;PDT;JULIANA FROTA LOPES DE ALDIGUERI ARRUDA
2020;CE;14036;PDT;ROBERLANDIA FERREIRA CASTELO BRANCO
2020;CE;14095;PDT;ANA LAÍS PEIXOTO CORREIA NUNES
2020;CE;14214;PT;CELSO GOMES DA SILVA NETO
2020;CE;14230;PDT;PATRÍCIA MARIA SANTOS BARRETO
2020;CE;14257;PDT;FRANK GOMES FREITAS
2020;CE;14419;PC DO B;JOSE ELIAS DE OLIVEIRA
2020;CE;14494;PDT;JOSE EDSONRIVA SOUZA CUNHA
2020;CE;14575;PDT;ROGER NEVES AGUIAR
2020;CE;14591;PP;FRANCISCO EDIBERTO DE SOUZA
2020;CE;14699;PDT;LUIZ ROSEMBERG DANTAS MACEDO FILHO
2020;CE;14753;PT;JOSÉ VANDERLEY NOGUEIRA
2020;CE;14850;PP;ÍTALO BRITO ALENCAR ALVES
2020;CE;14974;PT;MARCOS VENICIOS NORJOSA GONZAGA
2020;CE;15016;PT;JOSÉ LUCIANO SILVA
2020;CE;15059;PDT;WEMBLEY GOMES COSTA
2020;CE;15113;PSD;MATHEUS PEREIRA MENDES
2020;CE;15237;PTB;FABIO PINHEIRO CARDOSO
2020;CE;15318;PT;ANTÔNIO JOAQUIM GONÇALVES DE OLIVEIRA
2020;CE;15334;PDT;DAVID SANTA CRUZ BENEVIDES
2020;CE;15393;PDT;MARCONDES HERBSTER FERRAZ
2020;CE;15571;PP;JOSE MARTINS BARROS JUNIOR
2020;CE;15598;PDT;IVO FERREIRA GOMES
2020;CE;15636;PP;RILDSON RABELO VASCONCELOS
2020;CE;15776;PT;FRANCISCO ALDIR CHAVES DA SILVA
2020;CE;15830;MDB;FRANCISCO JOAO CARDOSO FILHO
2020;CE;15873;PTB;FLAVIO CESAR BRUNO TEIXEIRA FILHO
2020;CE;15911;PDT;EDINARDO RODRIGUES FILHO
2020;CE;15920;PDT;FRANCISCO JOSÉ MAGALHÃES CARNEIRO
2020;CE;15954;PDT;ELIZEU CHARLES MONTEIRO
2020;CE;15989;PDT;FRANCISCO GILDECARLOS PINHEIRO
2020;CE;13005;PSD;LINDBERGH MARTINS
2020;CE;13021;MDB;MARIA SÔNIA DE OLIVEIRA COSTA
2020;CE;13030;PSB;ANA FLÁVIA RIBEIRO MONTEIRO
2020;CE;13048;PDT;LÍVIA MARIA MESQUITA MORORO MUNIZ MARQUES
2020;CE;13056;MDB;ANTÔNIO ALMEIDA NETO
2020;CE;13064;PDT;MARIA IRALDICE DE ALCÂNTARA
2020;CE;13072;PSD;RAMILSON ARAUJO MORAES
2020;CE;13099;PDT;JOAQUIM FREIRE CARVALHO
2020;CE;13102;PSD;FRANCISCA PRISCILLA DUARTE DE FIGUEIREDO
2020;CE;13110;PT;FRANCISCO DARIOMAR RODRIGUES SOARES
2020;CE;13129;PSD;MARIA AUXILIADORA BEZERRA FECHINE
2020;CE;13137;PSD;JOSE JOENI HOLANDA DE ARAUJO
2020;CE;13145;PDT;FRANCISCO EDILBERTO BESERRA BARROSO
2020;CE;13153;PDT;ANTONIO ROSENO FILHO
2020;CE;13170;PT;IRIS MARIA CRUZ DE LIMA
2020;CE;13188;PDT;MANOEL GOMES DE FARIAS NETO
2020;CE;13196;PL;BRUNO BARROS GONÇALVES
2020;CE;13200;PDT;FRANCISCO OTONI DE QUEIROZ MOURA
2020;CE;13226;PL;ACILON GONÇALVES PINTO JUNIOR
2020;CE;13234;PDT;THIAGO CAMPELO NOGUEIRA
2020;CE;13242;PSB;IZABELLA MARIA FERNANDES DA SILVA
2020;CE;13250;PDT;CICERO FERREIRA DA SILVA
2020;CE;13277;REPUBLICANOS;JOERLY RODRIGUES VICTOR
2020;CE;13285;PL;JOSÉ MARIA MENDES LEITE
2020;CE;13293;MDB;ANTÔNIO MONTEIRO PEDROSA FILHO
2020;CE;13307;PP;AMALIA LOPES DE SOUSA
2020;CE;13323;PSD;JOSE ANTUNIZIO DE BRITO
2020;CE;13331;PSD;MARCONE TAVARES DE LUNA
2020;CE;13340;PT;ANTONIO AMARO PEREIRA OLIVEIRA
2020;CE;13412;PL;HERBERLH FREITAS REIS CAVALCANTE MOTA
2020;CE;13439;PL;MICHELE CARIELLO DE SÁ QUEIROZ ROCHA
2020;CE;13463;PL;MARCONDES DE HOLANDA JUCÁ
2020;CE;13471;SOLIDARIEDADE;JOSE CARNEIRO DANTAS FILHO
2020;CE;13480;PL;PAULO CESAR FEITOSA ARRAIS
2020;CE;13501;MDB;NASELMO DE SOUSA FERREIRA
2020;CE;13510;PDT;MARIA ELIZABETE MAGALHAES
2020;CE;13536;PDT;JOÃO LUIZ LIMA SANTOS
2020;CE;13552;DEM;MARIA DO ROSÁRIO ARAÚJO PEDROSA XIMENES
2020;CE;13579;PSD;ANTONIO SOARES SARAIVA JUNIOR
2020;CE;13617;PDT;ANTONIO RUFINO MARTINS
2020;CE;13650;PL;ANTONIO WILAMAR PALACIO DE OLIVEIRA
2020;CE;13692;CIDADANIA;TIAGO LUTIANI OLIVEIRA RIBEIRO
2020;CE;13714;MDB;THIAGO PAES DE ANDRADE RODRIGUES
2020;CE;13757;PDT;JOÃO BATISTA DINIZ
2020;CE;13773;PDT;SEBASTIÃO SOTERO VERAS
2020;CE;13838;SOLIDARIEDADE;MARCELO FERREIRA MACHADO
2020;CE;13994;PSB;ADAIL ALBUQUERQUE MELO
2020;CE;14010;MDB;ANTONIO ADAIL MACHADO CASTRO
2020;CE;14052;PDT;IRES MOURA OLIVEIRA
2020;CE;14060;PSD;ELIRIA MARIA FREITAS DE QUEIROZ
2020;CE;14079;PSB;MARCOS ANTONIO DA SILVA LIMA
2020;CE;14117;PSD;EDNALDO DE LAVOR COURAS
2020;CE;14133;PSD;JOSE VALDI COUTINHO
2020;CE;14150;PSD;WILSON ALVES DE FREITAS
2020;CE;14176;PC DO B;ROBERIO WAGNER MARTINS MOREIRA
2020;CE;14192;MDB;FRANCISCO SOUTO DE VASCONCELOS JÚNIOR
2020;CE;14273;PSD;MARIA GORETE BARROSO MAGALHAES CAETANO
2020;CE;14290;PT;FELIPE SOUZA PINHEIRO
2020;CE;14311;MDB;FRANCISCO DÁRIO DE OLIVEIRA COELHO
2020;CE;14338;PP;JOSÉ FERREIRA MATEUS
2020;CE;14354;PP;FRANCISCO GLAIRTON RABELO CUNHA
2020;CE;14370;PDT;JOACY ALVES DOS SANTOS JUNIOR
2020;CE;14397;PSD;ALEXANDRE GOMES DIOGENES
2020;CE;14435;PSB;ANIZIARIO JORGE COSTA
2020;CE;14451;PSD;MONICA ROSANY PEREIRA MARIANO
2020;CE;14478;PODE;GLÊDSON LIMA BEZERRA
2020;CE;14516;PSD;RONALDO PEDROSA LIMA
2020;CE;14532;PSB;JOSÉ MARIA DE OLIVEIRA LUCENA
2020;CE;14559;SOLIDARIEDADE;ATILA CORDEIRO CAMARA
2020;CE;14613;PP;ALINE AGUIAR ALBUQUERQUE
2020;CE;14630;PT;ISAAC GOMES DA SILVA JUNIOR
2020;CE;14656;PT;JOSÉ HERTON ALVES DE SOUSA
2020;CE;14672;PDT;CÍCERO ALVES DE FIGUEIREDO
2020;CE;14680;PL;ANTONIO EDNARDO BRAGA LIMA FILHO
2020;CE;14710;MDB;ORLANDO BENEVIDES CAVALCANTE FILHO
2020;CE;14737;PDT;FRANCISCO SALOMÃO DE ARAÚJO SOUSA
2020;CE;14770;PDT;CARLOS ÁQUILA CUNHA DE QUEIROZ
2020;CE;14796;PT;JERONIMO NETO BRANDÃO
2020;CE;14818;PDT;FRANCISCO DAS CHAGAS PARENTE AGUIAR
2020;CE;14834;PL;ROBERT VIANA LEITÃO
2020;CE;14877;PL;GIORDANNA SILVA BRAGA MANO
2020;CE;14893;SOLIDARIEDADE;JESUINO RODRIGUES DE SAMPAIO NETO
2020;CE;14915;PSD;JOSÉ RUBENS LIMA VERDE
2020;CE;14931;PDT;BRUNO PEREIRA FIGUEIREDO
2020;CE;14958;MDB;CARLOMANO GOMES MARQUES
2020;CE;15032;MDB;DAVID CAMPOS MARTINS
2020;CE;15075;SOLIDARIEDADE;ROMULO MATEUS NORONHA
2020;CE;15091;MDB;ANTONIA TELVÂNIA FERREIRA BRAZ
2020;CE;15130;MDB;RAFAEL FERREIRA ANGELO
2020;CE;15156;PDT;JOÃO BOSCO PESSOA TABOSA
2020;CE;15172;PDT;RAIMUNDO ESTEVAM NETO
2020;CE;15199;PDT;BISMARCK BARROS BEZERRA
2020;CE;15210;PT;CARLOS ANTONIO RODRIGUES PEREIRA
2020;CE;15253;PSOL;FRANCISCO EDSON VERIATO DA SILVA
2020;CE;15270;PSD;RICARDO JOSÉ ARAÚJO SILVEIRA
2020;CE;15296;PDT;CIRILO ANTÔNIO PIMENTA LIMA
2020;CE;15350;PSB;PEDRO HUMBERTO COELHO MARQUES
2020;CE;15377;PDT;SÁVIO GURGEL NOGUEIRA
2020;CE;15415;PL;FRANCISCO DAS CHAGAS MENDES
2020;CE;15431;DEM;SAMUEL CIDADE WERTON
2020;CE;15440;PROS;DORGIVAL PEREIRA FILHO
2020;CE;15458;PSB;JOSÉ BRAGA BARROZO
2020;CE;15474;PDT;SAUL LIMA MACIEL
2020;CE;15490;PROS;MARCELO FERREIRA TELES
2020;CE;15512;PSD;RAIMUNDO CESAR MORAIS MAIA
2020;CE;15539;PC DO B;FRANCISCO CIPRIANO DE ALMEIDA
2020;CE;15555;PDT;ANTÔNIO MAURÍCIO PINHEIRO JUCÁ
2020;CE;15610;PSD;ANA VLADIA NOGUEIRA PINHEIRO JUCÁ
2020;CE;15652;PDT;LUIZ MARCELO MOTA LEITE
2020;CE;15679;PSD;PATRÍCIA PEQUENO COSTA GOMES DE AGUIAR
2020;CE;15695;PSD;LUIZ MENEZES DE LIMA
2020;CE;15717;PP;CARLOS GUSTAVO MONTEIRO MOREIRA
2020;CE;15733;PDT;RENÊ DE ALMEIDA VASCONCELOS
2020;CE;15750;PSD;ALEX SANDRO RUFINO FERREIRA
2020;CE;15792;PDT;JAN KENNEDY PAIVA AQUINO
2020;CE;15814;MDB;JOSÉ HELDER MÁXIMO DE CARVALHO
2020;CE;15881;MDB;RONILSON FRANCISCO DE OLIVEIRA
2020;CE;15890;PSDB;JOÃO MUNIZ SOBRINHO
2020;CE;15938;PSD;RAIMUNDO LACERDA FILHO
2020;CE;15970;PL;LUIZ ALAN PINHEIRO MACÊDO
2020;CE;15997;REPUBLICANOS;ARIANA CORDEIRO FAÇANHA DE AQUINO
2020;CE;98531;PT;JOSE ADIL VIEIRA JUNIOR
2020;CE;98558;PSD;FELIPE CARLOS UCHÔA SALES RIBEIRO
2020;CE;98574;PDT;FRANCISCO ELMO BEZERRA MONTE
2020;CE;13080;PSDB;FRANCISCA HILZETE MALVEIRA BATISTA
2020;CE;13978;PSDB;FRANCISCO CLEMENTINO DE ALMEIDA
2020;CE;15857;PSDB;ROBERTO SOARES PESSOA
2024;CE;13013;PT;ANGELO FURTADO SAMPAIO
2024;CE;13021;MDB;CRISPIANO BARROS UCHOA
2024;CE;13030;PSB;ANA FLÁVIA RIBEIRO MONTEIRO
2024;CE;13056;PSB;FRANCISCO VILMAR FELIX MARTINS
2024;CE;13064;PP;MARIA IRALDICE DE ALCANTARA
2024;CE;13080;UNIÃO;RAIMUNDO NONATO MONTEIRO DO NASCIMENTO
2024;CE;13099;PSB;CHARLYNE CUNHA FREIRE
2024;CE;13102;PSD;JULIANA MONTEIRO ABREU
2024;CE;13110;PSB;ANA KESIA DE ALCANTARA SOARES
2024;CE;13129;PSB;MARCIO GLEY NASCIMENTO SILVA
2024;CE;13137;PP;JOSE JOENI HOLANDA DE ARAUJO
2024;CE;13145;PSB;FRANCISCO EDILBERTO BESERRA BARROSO
2024;CE;13170;PSB;ANARACY PINTO PINHO RUFINO
2024;CE;13188;PSB;MANOEL GOMES DE FARIAS NETO
2024;CE;13196;PRD;BRUNO BARROS GONÇALVES
2024;CE;13200;PT;GLAUBER LOPES DE HOLANDA
2024;CE;13218;PODE;ROBERTA CARDOSO BARBOSA DE ALMEIDA
2024;CE;13234;PP;WELLINGTON SILVA DE OLIVEIRA
2024;CE;13242;PSB;IZABELLA MARIA FERNANDES DA SILVA
2024;CE;13250;PT;JOSE PAULINO PEREIRA
2024;CE;13277;REPUBLICANOS;JOERLY RODRIGUES VICTOR
2024;CE;13293;REPUBLICANOS;ANTONIO MONTEIRO PEDROSA FILHO
2024;CE;13307;PSB;LEONILDO PEIXOTO FARIAS
2024;CE;13315;PSB;JOSÉ LIBÓRIO LEITE NETO
2024;CE;13323;REPUBLICANOS;JOSE ANTUNIZIO DE BRITO
2024;CE;13331;PT;MARCONE TAVARES DE LUNA
2024;CE;13340;PT;ANTONIO AMARO PEREIRA OLIVEIRA
2024;CE;13358;REPUBLICANOS;LUCIO ALVES BARROSO
2024;CE;13366;PSB;ERONILDES FRANCISCO DOS SANTOS
2024;CE;13374;PT;GUILHERME SAMPAIO SARAIVA
2024;CE;13382;PSB;FRANCISCO MARCÍLIO COELHO BRITO
2024;CE;13390;MDB;HERICLES GEORGE FEITOSA ALBUQUERQUE
2024;CE;13412;REPUBLICANOS;HÉRBERLH FREITAS REIS CAVALCANTE MOTA
2024;CE;13420;PT;ARISTEU ALVES EDUARDO
2024;CE;13439;PP;MICHELE CARIELLO DE SÁ QUEIROZ ROCHA
2024;CE;13447;PSB;DOUGLAS RODRIGUES NEGREIROS
2024;CE;13455;PSB;JOSE OTACILIO DE MORAIS NETO
2024;CE;13463;PSB;CARLOS ALBERTO QUEIROZ PEREIRA
2024;CE;13471;PSB;JOSE CARNEIRO DANTAS FILHO
2024;CE;13498;PSB;MARIA GISLAINE SANTANA SAMPAIO LANDIM
2024;CE;13510;PSB;MARIA ELIZABETE MAGALHÃES
2024;CE;13536;PSB;MOESIO LOIOLA DE MELO
2024;CE;13552;PSB;FRANCISCO JARDEL SOUSA PINHO
2024;CE;13633;PT;LUIZ ACACIO MACHADO LEITE
2024;CE;13650;PT;ANTÔNIO WILAMAR PALACIO DE OLIVEIRA
2024;CE;13676;PT;JOSE WELITON SOUZA LEITE
2024;CE;13692;PP;ANA AFIF MATEUS SARQUIS QUEIROZ
2024;CE;13714;MDB;RENAN BARROS GUEDES
2024;CE;13730;PSD;NAUMI GOMES DE AMORIM
2024;CE;13757;PSB;FRANCISCO NILSON ALVES DINIZ
2024;CE;13811;PSB;JOSE EDEZIO VAZ DE SOUZA
2024;CE;13838;PT;JANAINA CARLA FARIAS
2024;CE;13854;PT;ANDRÉ BARRETO ESMERALDO
2024;CE;13870;PDT;FRANCISCO AUSTRAGÉZIO SALES
2024;CE;13919;PSD;FRANCISCO MESQUITA PORTELA
2024;CE;13935;PT;JOÃO PAULO SALES CORDEIRO
2024;CE;13951;PT;FRANCISCO ANIBAL OLIVEIRA DE ARRUDA COELHO FILHO
2024;CE;13978;MDB;FRANCISCO CLEMENTINO DE ALMEIDA
2024;CE;13994;PDT;VIRGINA SOUZA AGUIAR
2024;CE;14036;REPUBLICANOS;YNARA FURTADO VASCONCELOS MOTA
2024;CE;14052;PSB;LUAN PEREIRA XAVIER GOMES
2024;CE;14060;PSD;ELIRIA MARIA FREITAS DE QUEIROZ
2024;CE;14079;PSB;MARCOS ANTONIO DA SILVA LIMA
2024;CE;14095;PT;AURINEIDE AMARO DE SOUSA
2024;CE;14117;PSDB;CARLOS ROBERTO COSTA FILHO
2024;CE;14133;PT;WILLIAM VIEIRA
2024;CE;14176;PT;MILENA DAMASCENO CARNEIRO
2024;CE;14192;REPUBLICANOS;FRANCISCO SOUTO DE VASCONCELOS JÚNIOR
2024;CE;14230;PSB;PATRICIA MARIA SANTOS BARRETO
2024;CE;14257;PT;ANTONIEL MAX SILVA HOLANDA
2024;CE;14290;PT;FELIPE SOUZA PINHEIRO
2024;CE;14311;PSB;RAIMUNDO LOPES JUNIOR
2024;CE;14338;PP;JOSE FERREIRA MATEUS
2024;CE;14354;PSB;MARCOS VINICIUS DE ABREU CUNHA
2024;CE;14370;PSB;JOSÉ NUNES DOS SANTOS FILHO
2024;CE;14397;REPUBLICANOS;ALEXANDRE GOMES DIOGENES
2024;CE;14419;PT;JOSE ELIAS DE OLIVEIRA
2024;CE;14451;PT;MONICA ROSANY PEREIRA MARIANO
2024;CE;14478;PODE;GLÊDSON LIMA BEZERRA
2024;CE;14494;PSB;JOSE EDSONRIVA SOUZA CUNHA
2024;CE;14516;PSD;RONALDO PEDROSA LIMA
2024;CE;14559;PSB;ATILA CORDEIRO CAMARA
2024;CE;14575;PSB;FRANCISCO ROGERIO OSTERNO AGUIAR NETO
2024;CE;14591;PP;FRANCISCO EDIBERTO DE SOUZA
2024;CE;14613;PSDB;OZIRES ANDRADE PONTES
2024;CE;14630;PT;JOÃO PAULO FURTADO
2024;CE;14672;MDB;ANDERSON EUGÊNIO DE OLIVEIRA
2024;CE;14680;PP;OZANA COELHO RODRIGUES TEIXEIRA
2024;CE;14699;PSB;LUIZ ROSEMBERG DANTAS MACEDO FILHO
2024;CE;14710;REPUBLICANOS;ORLANDO BENEVIDES CAVALCANTE FILHO
2024;CE;14753;PSB;NAIARA CARNEIRO CASTRO
2024;CE;14834;PSB;LUCAS ARRUDA MARTINS
2024;CE;14877;PRD;GIORDANNA SILVA BRAGA MANO
2024;CE;14893;PSB;EDUARDO COELHO ROSA CAVALCANTE
2024;CE;14915;PSD;SIMÃO PEDRO ALVES PEQUENO
2024;CE;14931;UNIÃO;JOSÉ EDILSON DE CARVALHO LIMA
2024;CE;14958;UNIÃO;LARISSA SOUZA TORRES CAMURÇA
2024;CE;14974;PT;MARCOS VENICIOS NORJOSA GONZAGA
2024;CE;15016;PT;JOSE LUCIANO SILVA
2024;CE;15075;SOLIDARIEDADE;ROMULO MATEUS NORONHA
2024;CE;15091;PSB;ANTONIA TELVANIA FERREIRA BRAZ BARRETO
2024;CE;15113;PT;MARIA IVONETH BRAGA DE SOUSA
2024;CE;15130;PSB;LUIS FERNANDES BEZERRA FILHO
2024;CE;15156;PSB;VICENTE DE PAULO SOUSA E SILVA
2024;CE;15210;PT;ANTONIO ROBERTO UCHOA DE ALMEIDA
2024;CE;15270;PSD;RICARDO JOSÉ ARAÚJO SILVEIRA
2024;CE;15296;PSB;CIRILO ANTÔNIO PIMENTA LIMA
2024;CE;15318;PT;ANTONIO JOAQUIM GONÇALVES DE OLIVEIRA
2024;CE;15334;PSB;SELMA MARINHO FERNANDES
2024;CE;15350;PSB;PEDRO HUMBERTO COELHO MARQUES
2024;CE;15377;PSB;SÁVIO GURGEL NOGUEIRA
2024;CE;15393;MDB;ANTONIO FRANCISCO DE LIMA
2024;CE;15415;REPUBLICANOS;FRANCISCO DAS CHAGAS MENDES
2024;CE;15431;PT;SAMUEL CIDADE WERTON
2024;CE;15458;PSB;JOSE BRAGA BARROZO
2024;CE;15474;PT;SAUL LIMA MACIEL
2024;CE;15539;PSB;TIAGO AGUIAR ABREU PORTELA BARROSO
2024;CE;15555;PSB;MARCIA LIMA DE OLIVEIRA FREIRE
2024;CE;15598;UNIÃO;OSCAR SPINDOLA RODRIGUES JUNIOR
2024;CE;15636;PP;RENATA THAIS DUARTE VASCONCELOS
2024;CE;15652;PSB;LUIZ MARCELO MOTA LEITE
2024;CE;15679;PSD;PATRÍCIA PEQUENO COSTA GOMES DE AGUIAR
2024;CE;15717;PP;CARLOS GUSTAVO MONTEIRO MOREIRA
2024;CE;15733;PSB;ADÉCIO MUNIZ PAIVA FILHO
2024;CE;15792;PT;JAN KENNEDY PAIVA AQUINO
2024;CE;15830;MDB;EURICO JOSE CARNEIRO FONTENELE ARRUDA
2024;CE;15857;UNIÃO;ROBERTO SOARES PESSOA
2024;CE;15873;PT;FLAVIO CESAR BRUNO TEIXEIRA FILHO
2024;CE;15881;PT;RONILSON FRANCISCO DE OLIVEIRA
2024;CE;15890;PSB;JOSÉ WALDERY MUNIZ
2024;CE;15920;PT;ROGERIO BARREIRA PINHEIRO
2024;CE;15938;PSD;FRANCISCO KLEITON PEREIRA
2024;CE;15970;PSB;LUIZ ALAN PINHEIRO MACEDO
2024;CE;15997;REPUBLICANOS;ARIANA CORDEIRO FAÇANHA DE AQUINO
2024;CE;98531;PSB;JOSÉ ADIL VIEIRA JUNIOR
2024;CE;98558;PSB;JUDISON HENRIQUE LOPES ARAÚJO
2024;CE;98574;PSB;FRANCISCO ELMO BEZERRA MONTE
2024;CE;13005;PP;LEANDRO CESAR DE SOUSA
2024;CE;13048;PSB;LIVIA MARIA MESQUITA MORORO MUNIZ MARQUES
2024;CE;13072;PT;JOSE MORAES FEITOSA
2024;CE;13153;PDT;ANTONIO ROSENO FILHO
2024;CE;13161;REPUBLICANOS;CÉLIA MARINHO ALBANO
2024;CE;13226;PRD;JOSE ARIMATEA LIMA BARROS JUNIOR
2024;CE;13269;PP;LUAN DANTAS FELIX
2024;CE;13285;PSB;JOSE MARIA MENDES LEITE
2024;CE;13480;PRD;ANTONIO MARCOS TAVARES
2024;CE;13501;MDB;DELMA DA COSTA DOS SANTOS
2024;CE;13579;PSB;CLAUDIO BEZERRA SARAIVA
2024;CE;13595;PSB;MARIA SIMONE FERNANDES TAVARES
2024;CE;13617;PDT;ANTONIO RUFINO MARTINS
2024;CE;13773;PSB;CARLOS EMÍLIO MAGALHÃES GOMES
2024;CE;13897;PT;EVANDRO SA BARRETO LEITAO
2024;CE;14010;PSD;JOSÉ CEFAS PONTES MELO
2024;CE;14150;PSD;WILSON ALVES DE FREITAS
2024;CE;14214;PT;CELSO GOMES DA SILVA NETO
2024;CE;14273;REPUBLICANOS;RAIMUNDO NONATO SOUZA SILVA
2024;CE;14435;PT;ANTONIO FERNANDO COUTINHO
2024;CE;14532;PRD;DILMARA AMARAL SILVA
2024;CE;14656;PT;JOSE HERTON ALVES DE SOUSA
2024;CE;14737;PT;FRANCISCO SALOMÃO DE ARAÚJO SOUSA
2024;CE;14770;PSD;RUAN VICTOR ARAÚJO DE OLIVEIRA LIMA
2024;CE;14796;PT;JERÔNIMO NETO BRANDÃO
2024;CE;14818;PSB;ELENILSON JOSE DA CONCEIÇÃO
2024;CE;14850;PT;LEONARDO PEREIRA DE BRITO NEVES
2024;CE;14990;PSB;PEDRO ALLAN DE SOUSA LEOPOLDINO
2024;CE;15032;PT;MARCONDES SOUSA BARBOSA
2024;CE;15059;REPUBLICANOS;GABRIELA CORDEIRO FAÇANHA
2024;CE;15172;PT;JOSE HERMANO DO NASCIMENTO NOGUEIRA
2024;CE;15199;PT;NEILA MARIA VITORIANO DE SOUSA
2024;CE;15237;PSB;ALBOINO MIRANDA TAVARES NETO
2024;CE;15253;PDT;SALVIANO LINARD DE ALENCAR
2024;CE;15440;PT;RONDILSON DE ALENCAR RIBEIRO
2024;CE;15490;PT;MARCELO FERREIRA TELES
2024;CE;15512;PSD;RAIMUNDO CESAR MORAIS MAIA
2024;CE;15610;PSD;JOSE WEBSTON NOGUEIRA PINHEIRO
2024;CE;15695;PSB;ALEX ANDERSON NUNES DA COSTA
2024;CE;15750;PSD;ALEX SANDRO RUFINO FERREIRA
2024;CE;15776;PT;FRANCISCO ALDIR CHAVES DA SILVA
2024;CE;15814;MDB;FLÁVIO SALVIANO LIMA FILHO
2024;CE;15911;PSB;EDINARDO RODRIGUES FILHO
2024;CE;15954;PSB;MARCOS ROBÉRIO RIBEIRO MONTEIRO FILHO
2024;CE;15989;PSB;FRANCISCO GILDECARLOS PINHEIRO
